"Query","Match","HMDB","PubChem","KEGG","SMILES","Comment"
"Glycine","Glycine","HMDB0000123","750","C00037","NCC(O)=O","1"
"taurine","Taurine","HMDB0000251","1123","C00245","NCCS(O)(=O)=O","1"
"Pyruvic acid","Pyruvic acid","HMDB0000243","1060","C00022","CC(=O)C(O)=O","1"
"Malondialdehyde","Malondialdehyde","HMDB0006112","10964","C19440","O=CCC=O","1"
"Butanoic acid","Butyric acid","HMDB0000039","264","C00246","CCCC(O)=O","1"
"Propionic acid","Propionic acid","HMDB0000237","1032","C00163","CCC(O)=O","1"
"Lactic acid","Lactic acid","HMDB0000190","107689","C00186","C[C@H](O)C(O)=O","1"
"L-Glyceric acid","L-Glyceric acid","HMDB0006372","6326776",NA,"OC[C@H](O)C(O)=O","1"
"Glyceric acid","Glyceric acid","HMDB0000139","439194","C00258","OC[C@@H](O)C(O)=O","1"
"L-Alanine","L-Alanine","HMDB0000161","5950","C00041","C[C@H](N)C(O)=O","1"
"sarcosine","Sarcosine","HMDB0000271","1088","C00213","CNCC(O)=O","1"
"Serine","Serine","HMDB0000187","5951","C00065","N[C@@H](CO)C(O)=O","1"
"L-Serine","Serine","HMDB0000187","5951","C00065","N[C@@H](CO)C(O)=O","1"
"3-Phosphoglyceric acid","3-Phosphoglyceric acid","HMDB0000807","724","C00597","OC(COP(O)(O)=O)C(O)=O","1"
"(R)-1-Aminopropan-2-ol","(R)-1-Aminopropan-2-ol","METPA0372",NA,"C03194",NA,"1"
"1,4-diaminobutane","Putrescine","HMDB0001414","1045","C00134","NCCCCN","1"
"Dihydrouracil","Dihydrouracil","HMDB0000076","649","C00429","O=C1CCNC(=O)N1","1"
"2,4-Diaminobutyric acid","2,4-Diaminobutyric acid","HMDB0002362","470",NA,"NCCC(N)C(O)=O","1"
"Uracil","Uracil","HMDB0000300","1174","C00106","O=C1NC=CC(=O)N1","1"
"Pyrazole-3-carboxylic acid","NA","NA","NA","NA","NA","0"
"Fumaric acid","Fumaric acid","HMDB0000134","444972","C00122","OC(=O)\C=C\C(O)=O","1"
"Oxaloacetic acid","Oxalacetic acid","HMDB0000223","970","C00036","OC(=O)CC(=O)C(O)=O","1"
"Cytosine","Cytosine","HMDB0000630","597","C00380","NC1=CC=NC(=O)N1","1"
"2-Oxobutanoate","2-Ketobutyric acid","HMDB0000005","58","C00109","CCC(=O)C(O)=O","1"
"acetoacetate","Acetoacetic acid","HMDB0000060","96","C00164","CC(=O)CC(O)=O","1"
"Succinic acid","Succinic acid","HMDB0000254","1110","C00042","OC(=O)CCC(O)=O","1"
"D-Malic acid","D-Malic acid","HMDB0031518","92824","C00497","O[C@H](CC(O)=O)C(O)=O","1"
"Malic acid","Malic acid","HMDB0000156","222656","C00149","O[C@@H](CC(O)=O)C(O)=O","1"
"L-Tartaric acid","Tartaric acid","HMDB0000956","444305","C00898","O[C@H]([C@@H](O)C(O)=O)C(O)=O","1"
"L-Valine","L-Valine","HMDB0000883","6287","C00183","CC(C)[C@H](N)C(O)=O","1"
"Creatinine","Creatinine","HMDB0000562","588","C00791","CN1CC(=O)NC1=N","1"
"3-azidooxolane","NA","NA","NA","NA","NA","0"
"L-2-Amino-3-oxobutanoic acid","L-2-Amino-3-oxobutanoic acid","HMDB0006454","440033","C03508","CC(=O)[C@H](N)C(O)=O","1"
"L-Aspartic acid","L-Aspartic acid","HMDB0000191","5960","C00049","N[C@@H](CC(O)=O)C(O)=O","1"
"allantoate","Allantoic acid","HMDB0001209","203","C00499","NC(=O)NC(NC(N)=O)C(O)=O","1"
"Beta-hydroxybutyric acid","3-Hydroxybutyric acid","HMDB0000011","441","C01089","C[C@@H](O)CC(O)=O","1"
"3-Hydroxybutyric acid","3-Hydroxybutyric acid","HMDB0000011","441","C01089","C[C@@H](O)CC(O)=O","1"
"D-Erythrose","NA","NA","NA","NA","NA","0"
"L-Leucine","Leucine","HMDB0000687","6106","C00123","CC(C)C[C@H](N)C(O)=O","1"
"creatin","Creatine","HMDB0000064","586","C00300","CN(CC(O)=O)C(N)=N","1"
"Creatine","Creatine","HMDB0000064","586","C00300","CN(CC(O)=O)C(N)=N","1"
"Lithocholyltaurine","Lithocholyltaurine","HMDB0000722","439763","C02592","[H][C@@]1(CC[C@@]2([H])[C@]3([H])CC[C@]4([H])C[C@H](O)CC[C@]4(C)[C@@]3([H])CC[C@]12C)[C@H](C)CCC(=O)NCCS(O)(=O)=O","1"
"L-Threonine","L-Threonine","HMDB0000167","6288","C00188","C[C@@H](O)[C@H](N)C(O)=O","1"
"threonine","L-Threonine","HMDB0000167","6288","C00188","C[C@@H](O)[C@H](N)C(O)=O","1"
"DL-Glutamine","NA","NA","NA","NA","NA","0"
"L-Methionine","Methionine","HMDB0000696","6137","C00073","CSCC[C@H](N)C(O)=O","1"
"D-Glutamine","D-Glutamine","HMDB0003423","145815","C00819","N[C@H](CCC(N)=O)C(O)=O","1"
"Hydroxyisovaleric acid","NA","NA","NA","NA","NA","0"
"2-Hydroxyvaleric acid","2-Hydroxyvaleric acid","HMDB0001863","98009",NA,"CCCC(O)C(O)=O","1"
"Deoxyribose","Deoxyribose","HMDB0003224","22833604","C01801","OC[C@@H]1O[C@H](O)C[C@H]1O","1"
"D-Ribose","D-Ribose","HMDB0000283","5779","C00121","OC[C@H]1OC(O)[C@H](O)[C@@H]1O","1"
"Apiose","D-Apiose","HMDB0029941","4479683","C01488","OCC1(O)COC(O)C1O","1"
"4-Guanidinobutanoic acid","4-Guanidinobutanoic acid","HMDB0003464","500","C01035","NC(=N)NCCCC(O)=O","1"
"Methionine sulfoxide","Methionine sulfoxide","HMDB0002005","158980","C02989","CS(=O)CC[C@H](N)C(O)=O","1"
"2-[(butylamino)(imino)methyl]-1-oxohydrazinium-1-olate","NA","NA","NA","NA","NA","0"
"D-Arabitol","D-Arabitol","HMDB0000568","94154","C01904","OC[C@@H](O)C(O)[C@H](O)CO","1"
"Choline","Choline","HMDB0000097","305","C00114","C[N+](C)(C)CCO","1"
"Phosphocholine","Phosphorylcholine","HMDB0001565","1014","C00588","C[N+](C)(C)CCOP(O)(O)=O","1"
"Phosphorylcholine","Phosphorylcholine","HMDB0001565","1014","C00588","C[N+](C)(C)CCOP(O)(O)=O","1"
"Orotic acid","Orotic acid","HMDB0000226","967","C00295","OC(=O)C1=CC(=O)NC(=O)N1","1"
"allopurinol","Allopurinol","HMDB0014581","2094",NA,"O=C1N=CN=C2NNC=C12","1"
"Hypoxanthine","Hypoxanthine","HMDB0000157","790","C00262","OC1=NC=NC2=C1NC=N2","1"
"2,6-Dihydroxypurine","Xanthine","HMDB0000292","1188","C00385","O=C1NC2=C(NC=N2)C(=O)N1","1"
"Uric acid","Uric acid","HMDB0000289","1175","C00366","O=C1NC2=C(N1)C(=O)NC(=O)N2","1"
"7-HYDROXYXANTHINE","NA","NA","NA","NA","NA","0"
"Adenine","Adenine","HMDB0000034","190","C00147","NC1=C2NC=NC2=NC=N1","1"
"Guanine","Guanine","HMDB0000132","764","C00242","NC1=NC(=O)C2=C(N1)N=CN2","1"
"Thymine","Thymine","HMDB0000262","1135","C00178","CC1=CNC(=O)NC1=O","1"
"alpha-Ketoglutaric acid","Oxoglutaric acid","HMDB0000208","51","C00026","OC(=O)CCC(=O)C(O)=O","1"
"2-ketoglutaric acid","Oxoglutaric acid","HMDB0000208","51","C00026","OC(=O)CCC(=O)C(O)=O","1"
"Pidolic acid","Pyroglutamic acid","HMDB0000267","7405","C01879","OC(=O)[C@@H]1CCC(=O)N1","1"
"L-Pyroglutamic acid","Pyroglutamic acid","HMDB0000267","7405","C01879","OC(=O)[C@@H]1CCC(=O)N1","1"
"(S)-Pyroglutamic acid","Pyroglutamic acid","HMDB0000267","7405","C01879","OC(=O)[C@@H]1CCC(=O)N1","1"
"Pyroglutamic acid","Pyroglutamic acid","HMDB0000267","7405","C01879","OC(=O)[C@@H]1CCC(=O)N1","1"
"Dihydrothymine","Dihydrothymine","HMDB0000079","676414","C00906","C[C@H]1CNC(=O)NC1=O","1"
"3-Methyl-2-oxobutanoic acid","alpha-Ketoisovaleric acid","HMDB0000019","49","C00141","CC(C)C(=O)C(O)=O","1"
"Levulinic acid","Levulinic acid","HMDB0000720","11579",NA,"CC(=O)CCC(O)=O","1"
"3-Hydroxy-3-methyl-2-oxobutanoic acid","3-Hydroxy-3-methyl-2-oxobutanoic acid","METPA0472",NA,"C04181",NA,"1"
"Ethylmalonate","Ethylmalonic acid","HMDB0000622","11756",NA,"CCC(C(O)=O)C(O)=O","1"
"Ethyl malonic acid","NA","NA","NA","NA","NA","0"
"D--Hydroxyglutaric acid","NA","NA","NA","NA","NA","0"
"Citramalate","Citramalic acid","HMDB0000426","1081","C00815","CC(O)(CC(O)=O)C(O)=O","1"
"Histamine","Histamine","HMDB0000870","774","C00388","NCCC1=CNC=N1","1"
"D-Proline","D-Proline","HMDB0003411","8988","C00763","OC(=O)[C@H]1CCCN1","1"
"L-Proline","Proline","HMDB0000162","145742","C00148","OC(=O)[C@@H]1CCCN1","1"
"Cis-4-hydroxyproline","NA","NA","NA","NA","NA","0"
"cis-4-Hydroxy-D-proline","cis-4-Hydroxy-D-proline","HMDB0060460","440014","C03440","O[C@H]1CN[C@H](C1)C(O)=O","1"
"N-Acetylalanine","N-Acetyl-L-alanine","HMDB0000766","88064",NA,"C[C@H](NC(C)=O)C(O)=O","1"
"4-Hydroxyproline","4-Hydroxyproline","HMDB0000725","5810","C01157","O[C@H]1CN[C@@H](C1)C(O)=O","1"
"D-Glutamic acid","D-Glutamic acid","HMDB0003339","23327","C00217","N[C@H](CCC(O)=O)C(O)=O","1"
"Dl-Glutamic acid","DL-Glutamate","HMDB0060475","611","C00302","NC(CCC(O)=O)C(O)=O","1"
"N-methyl-D-aspartate","N-Methyl-D-aspartic acid","HMDB0002393","22880","C12269","CN[C@H](CC(O)=O)C(O)=O","1"
"(S)-2-Hydroxyisocaproic Acid","Hydroxyisocaproic acid","HMDB0000746","83697",NA,"CC(C)C[C@H](O)C(O)=O","1"
"Kanosamine","Kanosamine",NA,"14357","C12212",NA,"1"
"6-Aminonicotinamide","NA","NA","NA","NA","NA","0"
"trans-3-Hexenoic acid","NA","NA","NA","NA","NA","0"
"Alpha-ketoisocaproic acid","Ketoleucine","HMDB0000695","70","C00233","CC(C)CC(=O)C(O)=O","1"
"2-Ketohexanoic acid","2-Ketohexanoic acid","HMDB0001864","159664","C00902","CCCCC(=O)C(O)=O","1"
"3-isopropoxy-3-oxopropanoic acid","NA","NA","NA","NA","NA","0"
"Adipic acid","Adipic acid","HMDB0000448","196","C06104","OC(=O)CCCCC(O)=O","1"
"3-Hydroxy-3-methylglutaric acid","3-Hydroxymethylglutaric acid","HMDB0000355","1662","C03761","CC(O)(CC(O)=O)CC(O)=O","1"
"3-hydroxy-3-methylpentanedioic acid","3-Hydroxymethylglutaric acid","HMDB0000355","1662","C03761","CC(O)(CC(O)=O)CC(O)=O","1"
"Gluconolactone","Gluconolactone","HMDB0000150","7027","C00198","OC[C@H]1OC(=O)[C@H](O)[C@@H](O)[C@@H]1O","1"
"D-Glucuronate","D-Glucuronic acid","HMDB0000127","444791","C00191","O[C@H]1O[C@@H]([C@@H](O)[C@H](O)[C@H]1O)C(O)=O","1"
"D-Glucoronic Acid","NA","NA","NA","NA","NA","0"
"Vigabatrin","Vigabatrin","HMDB0015212","5665","C07500","NC(CCC(O)=O)C=C","1"
"Pipecolic acid","Pipecolic acid","HMDB0000070","849","C00408","OC(=O)C1CCCCN1","1"
"(S)-5-Amino-3-oxohexanoic acid","(S)-5-Amino-3-oxohexanoate","HMDB0012131","440077","C03656","C[C@H](N)CC(=O)CC(O)=O","1"
"Allysine","Allysine","HMDB0001263","160603","C04076","N[C@@H](CCCC=O)C(O)=O","1"
"D-2-Aminoadipic acid","NA","NA","NA","NA","NA","0"
"Alpha-aminoadipic acid","Aminoadipic acid","HMDB0000510","92136","C00956","N[C@@H](CCCC(O)=O)C(O)=O","1"
"Alpha-keto-beta-methylvaleric acid","3-Methyl-2-oxovaleric acid","HMDB0000491","439286","C00671","CC[C@H](C)C(=O)C(O)=O","1"
"D-Alanyl-D-alanine","D-Alanyl-D-alanine","HMDB0003459","5460362","C00993","C[C@@H](N)C(=O)N[C@H](C)C(O)=O","1"
"Cystine","NA","NA","NA","NA","NA","0"
"6-Hydroxyhexanoic acid","6-Hydroxyhexanoic acid","HMDB0012843","14490","C06103","OCCCCCC(O)=O","1"
"2-Hydroxycaproic acid","2-Hydroxycaproic acid","HMDB0001624","99824",NA,"CCCCC(O)C(O)=O","1"
"Olivose","NA","NA","NA","NA","NA","0"
"Mevalonic acid","Mevalonic acid","HMDB0000227","439230","C00418","C[C@@](O)(CCO)CC(O)=O","1"
"1- deoxyglucose","NA","NA","NA","NA","NA","0"
"1,5-Anhydro-D-glucitol","1,5-Anhydrosorbitol","HMDB0002712","64960","C07326","OC[C@H]1OC[C@H](O)[C@@H](O)[C@@H]1O","1"
"6-Deoxy-L-altrose","NA","NA","NA","NA","NA","0"
"inositol","myo-Inositol","HMDB0000211",NA,"C00137","O[C@H]1[C@H](O)[C@@H](O)[C@H](O)[C@H](O)[C@@H]1O","1"
"D-Mannose","D-Mannose","HMDB0000169","185698","C00159","OC[C@H]1O[C@H](O)[C@@H](O)[C@@H](O)[C@@H]1O","1"
"Gluconic acid","Gluconic acid","HMDB0000625","10690","C00257","OC[C@@H](O)[C@@H](O)[C@H](O)[C@@H](O)C(O)=O","1"
"L-Histidinol dihydrochloride","NA","NA","NA","NA","NA","0"
"Citrulline","Citrulline","HMDB0000904","9750","C00327","N[C@@H](CCCNC(N)=O)C(O)=O","1"
"Dl-Citrulline","Citrulline","HMDB0000904","9750","C00327","N[C@@H](CCCNC(N)=O)C(O)=O","1"
"Cyclohexylsulfamate","Cyclamic acid","HMDB0031340","7533","C02824","OS(=O)(=O)NC1CCCCC1","1"
"D-Glucosamine","Glucosamine","HMDB0001514","439213","C00329","N[C@H]1C(O)O[C@H](CO)[C@@H](O)[C@@H]1O","1"
"L-Arginine","L-Arginine","HMDB0000517","6322","C00062","N[C@@H](CCCNC(N)=N)C(O)=O","1"
"DL-Arginine","NA","NA","NA","NA","NA","0"
"hydroxyguanine","NA","NA","NA","NA","NA","0"
"mannitol","Mannitol","HMDB0000765","6251","C00392","OC[C@@H](O)[C@@H](O)[C@H](O)[C@H](O)CO","1"
"2,4-Dinitrophenol","NA","NA","NA","NA","NA","0"
"Nicotinic acid","Nicotinic acid","HMDB0001488","938","C00253","OC(=O)C1=CN=CC=C1","1"
"Picolinic acid","Picolinic acid","HMDB0002243","1018","C10164","OC(=O)C1=CC=CC=N1","1"
"nicamide","Niacinamide","HMDB0001406","936","C00153","NC(=O)C1=CC=CN=C1","1"
"7-Methylxanthine","7-Methylxanthine","HMDB0001991","68374","C16353","CN1C=NC2=C1C(=O)NC(=O)N2","1"
"1-Methyluric acid","1-Methyluric acid","HMDB0003099","69726","C16359","CN1C(=O)NC2=C(NC(=O)N2)C1=O","1"
"catechol","Pyrocatechol","HMDB0000957","289","C00090","OC1=CC=CC=C1O","1"
"Hydroquinone","Hydroquinone","HMDB0002434","785","C00530","OC1=CC=C(O)C=C1","1"
"Pyrogallol","1,2,3-Trihydroxybenzene","HMDB0013674","1057","C01108","[H]OC1=CC=CC(O[H])=C1O[H]","1"
"1,2,3-Benzenetriol","1,2,3-Trihydroxybenzene","HMDB0013674","1057","C01108","[H]OC1=CC=CC(O[H])=C1O[H]","1"
"cis-Aconitate","cis-Aconitic acid","HMDB0000072","643757","C00417","OC(=O)C\C(=C\C(O)=O)C(O)=O","1"
"wutousuan","NA","NA","NA","NA","NA","0"
"1-Methylguanine","1-Methylguanine","HMDB0003282","70315","C04152","CN1C(N)=NC2=C(NC=N2)C1=O","1"
"(4E)-2-Oxohexenoic acid","NA","NA","NA","NA","NA","0"
"Dimethyl fumarate","Dimethyl fumarate","HMDB0031257","637568",NA,"COC(=O)\C=C\C(=O)OC","1"
"Oxoadipic Acid","Oxoadipic acid","HMDB0000225","71","C00322","OC(=O)CCCC(=O)C(O)=O","1"
"Tricarboxylic acid","NA","NA","NA","NA","NA","0"
"Isocitric acid","Isocitric acid","HMDB0000193","1198","C00311","OC(C(CC(O)=O)C(O)=O)C(O)=O","1"
"L-Histidine","Histidine","HMDB0000177","6274","C00135","N[C@@H](CC1=CN=CN1)C(O)=O","1"
"N-acetyl-aspartate","NA","NA","NA","NA","NA","0"
"Anthranilic acid","2-Aminobenzoic acid","HMDB0001123","227","C00108","NC1=CC=CC=C1C(O)=O","1"
"3-methylhistidine","Methylhistidine","HMDB0000479","64969","C01152","[H][C@](N)(CC1=CN=CN1C)C(O)=O","1"
"Guvacoline","NA","NA","NA","NA","NA","0"
"Cyclohexanecarboxylic acid","Cyclohexanecarboxylic acid","HMDB0031342","7413","C09822","OC(=O)C1CCCCC1","1"
"7-Oxoheptanoic acid","7-Oxoheptanoic acid",NA,"51090917","C16590",NA,"1"
"6-Keto-prostaglandin F1a","6-Keto-prostaglandin F1a","HMDB0002886","5280888","C05961","CCCCC[C@H](O)\C=C\[C@H]1[C@H](O)C[C@H](O)[C@@H]1CC(=O)CCCCC(O)=O","1"
"DL-Stachydrine","NA","NA","NA","NA","NA","0"
"N-Acetylvaline","N-Acetylvaline","HMDB0011757","66789",NA,"CC(C)[C@H](NC(C)=O)C(O)=O","1"
"N-Acetylornithine","N2-Acetylornithine","HMDB0003357","439232","C00437","CC(=O)N[C@@H](CCCN)C(O)=O","1"
"Heptanoic acid","Heptanoic acid","HMDB0000666","8094","C17714","CCCCCCC(O)=O","1"
"L-glycero-D-manno-Heptose","NA","NA","NA","NA","NA","0"
"Acetylcholine","Acetylcholine","HMDB0000895","187","C01996","CC(=O)OCC[N+](C)(C)C","1"
"L-Carnitine","L-Carnitine","HMDB0000062","10917","C00487","C[N+](C)(C)C[C@H](O)CC(O)=O","1"
"Homoarginine","Homo-L-arginine","HMDB0000670","9085","C01924","N[C@@H](CCCCNC(N)=N)C(O)=O","1"
"Homo-L-arginine","Homo-L-arginine","HMDB0000670","9085","C01924","N[C@@H](CCCCNC(N)=N)C(O)=O","1"
"4-Hydroxybenzaldehyde","4-Hydroxybenzaldehyde","HMDB0011718","126","C00633","OC1=CC=C(C=O)C=C1","1"
"P-hydroxybenzoic acid","4-Hydroxybenzoic acid","HMDB0000500","135","C00156","OC(=O)C1=CC=C(O)C=C1","1"
"3-Hydroxybenzoic acid","3-Hydroxybenzoic acid","HMDB0002466","7420","C00587","OC(=O)C1=CC(O)=CC=C1","1"
"4-Hydroxybenzoic acid","4-Hydroxybenzoic acid","HMDB0000500","135","C00156","OC(=O)C1=CC=C(O)C=C1","1"
"2,4-Dihydroxybenzoic acid","2,4-Dihydroxybenzoic acid","HMDB0029666","1491",NA,"OC(=O)C1=C(O)C=C(O)C=C1","1"
"4-Methylbenzotriazole","NA","NA","NA","NA","NA","0"
"Paraxanthine","Paraxanthine","HMDB0001860","4687","C13747","CN1C=NC2=C1C(=O)N(C)C(=O)N2","1"
"1,3-Dimethyluric acid","1,3-Dimethyluric acid","HMDB0001857","70346",NA,"CN1C2=C(NC(=O)N2)C(=O)N(C)C1=O","1"
"o-Cresol","o-Cresol","HMDB0002055","335","C01542","CC1=CC=CC=C1O","1"
"4-Methylphenol","p-Cresol","HMDB0001858","2879","C01468","CC1=CC=C(O)C=C1","1"
"4-Methylcatechol","4-Methylcatechol","HMDB0000873","9958","C06730","CC1=CC=C(O)C(O)=C1","1"
"Caffeine","Caffeine","HMDB0001847","2519","C07481","CN1C=NC2=C1C(=O)N(C)C(=O)N2C","1"
"2,6-Xylidine","2,6-Dimethylaniline","HMDB0060677","6896","C11004","CC1=CC=CC(C)=C1N","1"
"Tyramine","Tyramine","HMDB0000306","5610","C00483","NCCC1=CC=C(O)C=C1","1"
"Dopamine","Dopamine","HMDB0000073","681","C03758","NCCC1=CC(O)=C(O)C=C1","1"
"Pyridoxine","Pyridoxine","HMDB0000239","1054","C00314","CC1=C(O)C(CO)=C(CO)C=N1","1"
"Pyridoxamine","Pyridoxamine","HMDB0001431","1052","C00534","CC1=C(O)C(CN)=C(CO)C=N1","1"
"Ethyl sorbate","Ethyl sorbate","HMDB0040463","1550470",NA,"CCOC(=O)\C=C\C=C\C","1"
"methyl 3,4,5-trihydroxycyclohex-1-ene-1-carboxylate","NA","NA","NA","NA","NA","0"
"N~5~-(1,3,5-trimethyl-1H-pyrazol-4-yl)-1H-1,2,4-triazole-3,5-diamine","NA","NA","NA","NA","NA","0"
"N-Butyryl-L-homoserine lactone","NA","NA","NA","NA","NA","0"
"N-Acetyl-S-allyl-L-cysteine","NA","NA","NA","NA","NA","0"
"2-n-Propyl-2-pentenoic acid","2-ene-Valproic acid","HMDB0013902","6437068","C16653","CCC\C(=C/CC)C(O)=O","1"
"(R)-lipoic acid","(R)-Lipoic acid","HMDB0001451","6112","C16241","OC(=O)CCCC[C@@H]1CCSS1","1"
"3-Oxovalproic acid","3-Oxovalproic acid","HMDB0060685","173719","C16652","CCCC(C(O)=O)C(=O)CC","1"
"N-Acetyl-D-glucosamine","N-Acetyl-D-glucosamine","HMDB0000215","439174","C00140","CC(=O)N[C@H]1C(O)O[C@H](CO)[C@@H](O)[C@@H]1O","1"
"N-acetylgalactosamine","N-Acetylgalactosamine","HMDB0000212","84265","C01132","CC(=O)N[C@H]1[C@@H](O)O[C@H](CO)[C@H](O)[C@@H]1O","1"
"N--L-Acetyl-arginine","NA","NA","NA","NA","NA","0"
"Caprylic acid","Caprylic acid","HMDB0000482","379","C06423","CCCCCCCC(O)=O","1"
"3-Hydroxyvalproic acid","3-Hydroxyvalproic acid","HMDB0013899","134459","C16651","CCCC(C(O)CC)C(O)=O","1"
"Pregabalin","Pregabalin","HMDB0014375","5486971",NA,"CC(C)C[C@H](CN)CC(O)=O","1"
"Acetyl--methylcholine","NA","NA","NA","NA","NA","0"
"Dipropylene glycol dimethyl ether","NA","NA","NA","NA","NA","0"
"Glycerophosphocholine","Glycerophosphocholine","HMDB0000086","657272","C00670","C[N+](C)(C)CCOP([O-])(=O)OC[C@H](O)CO","1"
"Indole","Indole","HMDB0000738","798","C00463","N1C=CC2=C1C=CC=C2","1"
"7-methyl-3-nitroimidazo[1,2-a]pyridine","NA","NA","NA","NA","NA","0"
"2-Oxindole","1,3-Dihydro-(2H)-indol-2-one","HMDB0061918","321710","C12312","O=C1CC2=CC=CC=C2N1","1"
"Styrene","Styrene","HMDB0034240","7501","C07083","C=CC1=CC=CC=C1","1"
"Nicotinuric acid","Nicotinuric acid","HMDB0003269","68499","C05380","OC(=O)CNC(=O)C1=CN=CC=C1","1"
"nicotinoylglycine","Nicotinuric acid","HMDB0003269","68499","C05380","OC(=O)CNC(=O)C1=CN=CC=C1","1"
"Phenylacetaldehyde","Phenylacetaldehyde","HMDB0006236","998","C00601","O=CCC1=CC=CC=C1","1"
"3-Methoxybenzaldehyde","3-Methoxybenzaldehyde","HMDB0031459","11569",NA,"COC1=CC(C=O)=CC=C1","1"
"P-hydroxyphenylacetic acid","p-Hydroxyphenylacetic acid","HMDB0000020","127","C00642","OC(=O)CC1=CC=C(O)C=C1","1"
"4-(hydroxymethyl)benzoic acid","NA","NA","NA","NA","NA","0"
"2-Anisic acid","2-Methoxybenzoic acid","HMDB0032604","11370",NA,"COC1=CC=CC=C1C(O)=O","1"
"Uromelanic acid","NA","NA","NA","NA","NA","0"
"5,6-dimethyl-4-oxo-4H-pyran-2-carboxylic acid","NA","NA","NA","NA","NA","0"
"Acetanilide","N-Acetylarylamine","HMDB0001250","904","C07565","CC(=O)NC1=CC=CC=C1","1"
"Methyl-2-aminobenzoate","NA","NA","NA","NA","NA","0"
"2-(3,4-dihydroxyphenyl)acetamide","NA","NA","NA","NA","NA","0"
"4-Pyridoxic acid","4-Pyridoxic acid","HMDB0000017","6723","C00847","CC1=NC=C(CO)C(C(O)=O)=C1O","1"
"3-(3,4-dihydroxyphenyl)propanoic acid","3,4-Dihydroxyhydrocinnamic acid","HMDB0000423","348154","C10447","OC(=O)CCC1=CC(O)=C(O)C=C1","1"
"Acetyl-L-carnitine","L-Acetylcarnitine","HMDB0000201","7045767","C02571","CC(=O)O[C@H](CC(O)=O)C[N+](C)(C)C","1"
"4-aminohippuric acid","4-Aminohippuric acid","HMDB0001867","2148","D06890 ","NC1=CC=C(C=C1)C(=O)NCC(O)=O","1"
"2-[2-oxo-2-(2-pyridylamino)ethoxy]acetic acid","NA","NA","NA","NA","NA","0"
"4-Methoxyacetophenone","4'-Methoxyacetophenone","HMDB0032570","7476",NA,"COC1=CC=C(C=C1)C(C)=O","1"
"Hydrocinnamic acid","Hydrocinnamic acid","HMDB0000764","107","C05629","OC(=O)CCC1=CC=CC=C1","1"
"3-Phenyllactic acid","Phenyllactic acid","HMDB0000779","3848","C01479","OC(CC1=CC=CC=C1)C(O)=O","1"
"1-(2-furyl)pentane-1,4-dione","NA","NA","NA","NA","NA","0"
"3, 4-dihydroxyphenylpropionic acid","NA","NA","NA","NA","NA","0"
"3,4-Dihydroxyphenylpropionic acid","3,4-Dihydroxyhydrocinnamic acid","HMDB0000423","348154","C10447","OC(=O)CCC1=CC(O)=C(O)C=C1","1"
"D-Phenylalanine","D-Phenylalanine","HMDB0250791",NA,"C02265","NC(CC1=CC=CC=C1)C(O)=O","1"
"L-Tyrosine","L-Tyrosine","HMDB0000158","6057","C00082","N[C@@H](CC1=CC=C(O)C=C1)C(O)=O","1"
"DL-o-Tyrosine","o-Tyrosine","HMDB0006050","91482",NA,"NC(CC1=CC=CC=C1O)C(O)=O","1"
"nitrotyrosine","NA","NA","NA","NA","NA","0"
"Uridine","Uridine","HMDB0000296","6029","C00299","OC[C@H]1O[C@H]([C@H](O)[C@@H]1O)N1C=CC(=O)NC1=O","1"
"1-(4-hydroxyphenyl)propane-1,2-diol","NA","NA","NA","NA","NA","0"
"Epinephrine","Epinephrine","HMDB0000068","5816","C00788","CNC[C@H](O)C1=CC(O)=C(O)C=C1","1"
"(R)-Epinephrine","Epinephrine","HMDB0000068","5816","C00788","CNC[C@H](O)C1=CC(O)=C(O)C=C1","1"
"N1-isopropyl-2-(1H-2-pyrrolylcarbonyl)-1-hydrazinecarboxamide","NA","NA","NA","NA","NA","0"
"Ecgonine","Ecgonine","HMDB0006548","443003","C10858","CN1C2CCC1[C@H]([C@@H](O)C2)C(O)=O","1"
"gamma-Nonanolactone","NA","NA","NA","NA","NA","0"
"9-Oxononanoic acid","9-Oxononanoic acid","METPA1279",NA,"C16322",NA,"1"
"Azelaic acid","Azelaic acid","HMDB0000784","2266","C08261","OC(=O)CCCCCCCC(O)=O","1"
"N2-ethyl-N4-isopropyl-6-(methylthio)-1,3,5-triazine-2,4-diamine","NA","NA","NA","NA","NA","0"
"8-Amino-7-oxononanoate","8-Amino-7-oxononanoate","METPA0126",NA,"C01092",NA,"1"
"N-lactoyl-Leucine","N-Lactoylleucine","HMDB0062176","57329455",NA,"CC(C)C[C@H](NC(=O)[C@H](C)O)C(O)=O","1"
"Pantothenic acid","Pantothenic acid","HMDB0000210","6613","C00864","CC(C)(CO)[C@@H](O)C(=O)NCCC(O)=O","1"
"3-Deoxy-lyxo-heptulosaric acid","NA","NA","NA","NA","NA","0"
"N-(5-acetamidopentyl)acetamide","NA","NA","NA","NA","NA","0"
"Nonanoic acid","Pelargonic acid","HMDB0000847","8158","C01601","CCCCCCCCC(O)=O","1"
"N-(3-(S)-Hydroxybutyryl)homoserine lactone","N-(3-(S)-Hydroxybutyryl)homoserine lactone",NA,"14004","C11842",NA,"1"
"Coumarin","Coumarin","HMDB0001218","323","C05851","O=C1OC2=CC=CC=C2C=C1","1"
"Isoquinoline","Isoquinoline","HMDB0034244","8405","C06323","C1=CC=C2C=NC=CC2=C1","1"
"8-Hydroxyquinoline","NA","NA","NA","NA","NA","0"
"2-Hydroxycinnamic acid","2-Hydroxycinnamic acid","HMDB0002641","637540","C01772","OC(=O)\C=C\C1=C(O)C=CC=C1","1"
"Skatole","3-Methylindole","HMDB0000466","6736","C08313","CC1=CNC2=C1C=CC=C2","1"
"indoline-2-carboxylic acid","NA","NA","NA","NA","NA","0"
"2-Acetaminobenzoic Acid","NA","NA","NA","NA","NA","0"
"Hippuric acid","Hippuric acid","HMDB0000714","464","C01586","OC(=O)CNC(=O)C1=CC=CC=C1","1"
"Perindoprilat","Perindoprilat","HMDB0060574","72022",NA,"CCC[C@H](N[C@@H](C)C(=O)N1[C@H]2CCCC[C@H]2C[C@H]1C(O)=O)C(O)=O","1"
"2-Hydroxyhippuric acid","Salicyluric acid","HMDB0000840","10253","C07588","OC(=O)CNC(=O)C1=C(O)C=CC=C1","1"
"L-Kynurenine","Kynurenine","HMDB0000684","161166","C00328","N[C@@H](CC(=O)C1=CC=CC=C1N)C(O)=O","1"
"Inosine","Inosine","HMDB0000195","6021","C00294","OC[C@H]1O[C@H]([C@H](O)[C@@H]1O)N1C=NC2=C(O)N=CN=C12","1"
"1-(3,4-dimethoxyphenyl)ethan-1-one oxime","NA","NA","NA","NA","NA","0"
"p-Mentha-1,3,8-triene","p-Mentha-1,3,8-triene","HMDB0037013","176983",NA,"CC(=C)C1=CC=C(C)CC1","1"
"Porphobilinogen","Porphobilinogen","HMDB0000245","1021","C00931","NCC1=C(CC(O)=O)C(CCC(O)=O)=CN1","1"
"Carvone","Carvone","HMDB0035824","7439",NA,"CC(=C)C1CC=C(C)C(=O)C1","1"
"Pulegone","Pulegone","HMDB0035604","442495","C09893","C[C@@H]1CCC(=C(C)C)C(=O)C1","1"
"6-(trifluoromethoxy)quinolin-4-ol","NA","NA","NA","NA","NA","0"
"Kynurenic acid","Kynurenic acid","HMDB0000715","3845","C01717","OC(=O)C1=CC(=O)C2=CC=CC=C2N1","1"
"1-Naphthol","1-Naphthol","HMDB0012138","7005","C11714","OC1=C2C=CC=CC2=CC=C1","1"
"4-Methoxycinnamaldehyde","3-(4-Methoxyphenyl)-2-propenal","HMDB0032611","641294","C10475","COC1=CC=C(\C=C\C=O)C=C1","1"
"3-Methoxycinnamic acid","NA","NA","NA","NA","NA","0"
"Ferulic acid","Ferulic acid","HMDB0000954","445858","C01494","COC1=C(O)C=CC(\C=C\C(O)=O)=C1","1"
"2-methyl-2,3,4,5-tetrahydro-1,5-benzoxazepin-4-one","NA","NA","NA","NA","NA","0"
"Actrarit","NA","NA","NA","NA","NA","0"
"2-methylhippuric acid","2-Methylhippuric acid","HMDB0011723","91637","C01586","CC1=C(C=CC=C1)C(=O)NCC(O)=O","1"
"4-Anilino-4-oxobutanoic acid","4-Anilino-4-oxobutanoic acid","HMDB0060758","7598",NA,"OC(=O)CCC(O)=NC1=CC=CC=C1","1"
"Serotonin","Serotonin","HMDB0000259","5202","C00780","NCCC1=CNC2=C1C=C(O)C=C2","1"
"Cotinine","Cotinine","HMDB0001046","408",NA,"CN1C(CCC1=O)C1=CN=CC=C1","1"
"7-(1-pyrrolidinyl)pyrimido[4,5-d]pyrimidin-4-amine","NA","NA","NA","NA","NA","0"
"Cuminaldehyde","Cuminaldehyde","HMDB0002214","326","C06577","[H]C(=O)C1=CC=C(C=C1)C(C)C","1"
"Propylparaben","Propylparaben","HMDB0032574","7175",NA,"CCCOC(=O)C1=CC=C(O)C=C1","1"
"Deoxyadenosine","Deoxyadenosine","HMDB0000101","13730","C00559","NC1=C2N=CN([C@H]3C[C@H](O)[C@@H](CO)O3)C2=NC=N1","1"
"Adenosine","Adenosine","HMDB0000050","60961","C00212","NC1=C2N=CN([C@@H]3O[C@H](CO)[C@@H](O)[C@H]3O)C2=NC=N1","1"
"Deoxyguanosine","Deoxyguanosine","HMDB0000085","187790","C00330","NC1=NC2=C(N=CN2[C@H]2C[C@H](O)[C@@H](CO)O2)C(=O)N1","1"
"8-hydroxydeoxyguanosine","8-Hydroxy-deoxyguanosine","HMDB0003333","73318",NA,"NC1=NC2=C(N=C(O)N2[C@H]2C[C@H](O)[C@@H](CO)O2)C(=O)N1","1"
"5,8-dihydroxy-10-methyl-5,8,9,10-tetrahydro-2H-oxecin-2-one","NA","NA","NA","NA","NA","0"
"ADP","ADP","HMDB0001341","6022","C00008","NC1=NC=NC2=C1N=CN2[C@@H]1O[C@H](COP(O)(=O)OP(O)(O)=O)[C@@H](O)[C@H]1O","1"
"Perillartine","Perilla sugar","HMDB0035652","5365782",NA,"CC(=C)C1CCC(\C=N\O)=CC1","1"
"2-(3,4-dimethoxyphenyl)ethanamine","NA","NA","NA","NA","NA","0"
"N-(3-Oxohexanoyl)homoserine lactone","NA","NA","NA","NA","NA","0"
"3-(propan-2-yl)-octahydropyrrolo[1,2-a]pyrazine-1,4-dione","NA","NA","NA","NA","NA","0"
"Vitamin H","Biotin","HMDB0000030","171548","C00120","[H][C@]12CS[C@@H](CCCCC(O)=O)[C@@]1([H])NC(=O)N2","1"
"Biotin","Biotin","HMDB0000030","171548","C00120","[H][C@]12CS[C@@H](CCCCC(O)=O)[C@@]1([H])NC(=O)N2","1"
"Ecgonine methyl ester","Ecgonine methyl ester","HMDB0006406","443844","C12448","COC(=O)[C@@H]1C2CCC(C[C@@H]1O)N2C","1"
"Propenoylcarnitine","Propenoylcarnitine","HMDB0013124","53481699",NA,"C[N+](C)(C)C[C@H](CC([O-])=O)OC(=O)C=C","1"
"Eucalyptol","Eucalyptol","HMDB0004472","2758","C09844","C[C@@]12CC[C@@H](CC1)C(C)(C)O2","1"
"2-Oxodecanoic acid","NA","NA","NA","NA","NA","0"
"2-[5-(2-hydroxypropyl)oxolan-2-yl]propanoic acid","NA","NA","NA","NA","NA","0"
"Xylobiose","Xylobiose","HMDB0029894","131750922","C01630","O[C@@H]1CO[C@@H](O[C@H]2COC(O)[C@H](O)[C@H]2O)[C@H](O)[C@H]1O","1"
"Capryloylglycine","Capryloylglycine","HMDB0000832","84290",NA,"CCCCCCCC(=O)NCC(O)=O","1"
"Propionylcarnitine","Propionylcarnitine","HMDB0000824","188824","C03017","CCC(=O)O[C@H](CC(O)=O)C[N+](C)(C)C","1"
"Mallow acid","NA","NA","NA","NA","NA","0"
"Capric acid","Capric acid","HMDB0000511","2969","C01571","CCCCCCCCCC(O)=O","1"
"3-Hydroxydecanoic acid","3-Hydroxycapric acid","HMDB0002203","5312799",NA,"CCCCCCC[C@H](O)CC(O)=O","1"
"10-Hydroxydecanoic acid","NA","NA","NA","NA","NA","0"
"Geranyl diphosphate","Geranyl-PP","HMDB0001285","445995","C00341","CC(C)=CCC\C(C)=C\COP(O)(=O)OP(O)(O)=O","1"
"Spermine","Spermine","HMDB0001256","1103","C00750","NCCCNCCCCNCCCN","1"
"2-oxo-2H-chromene-3-carboxylic acid","NA","NA","NA","NA","NA","0"
"4-Hydroxy-2-oxo-heptanedioate","NA","NA","NA","NA","NA","0"
"Xanthuric acid","Xanthurenic acid","HMDB0000881","5699","C02470","OC(=O)C1=NC2=C(O)C=CC=C2C(O)=C1","1"
"Xanthurenic acid","Xanthurenic acid","HMDB0000881","5699","C02470","OC(=O)C1=NC2=C(O)C=CC=C2C(O)=C1","1"
"5-amino-1-phenyl-1H-pyrazole-4-carbonitrile","NA","NA","NA","NA","NA","0"
"6-Methylquinoline","6-Methylquinoline","HMDB0033115","7059",NA,"CC1=CC2=C(C=C1)N=CC=C2","1"
"Quinolinic acid","Quinolinic acid","HMDB0000232","1066","C03722","OC(=O)C1=CC=CN=C1C(O)=O","1"
"5-Hydroxyindoleacetic acid","5-Hydroxyindoleacetic acid","HMDB0000763","1826","C05635","OC(=O)CC1=CNC2=C1C=C(O)C=C2","1"
"5-Hydroxyindole-3-acetic acid","5-Hydroxyindoleacetic acid","HMDB0000763","1826","C05635","OC(=O)CC1=CNC2=C1C=C(O)C=C2","1"
"(2E)-3-(3,4-dimethoxyphenyl)prop-2-enoic acid","3-(3,4-Dimethoxyphenyl)-2-propenoic acid","HMDB0034315","717531",NA,"COC1=C(OC)C=C(\C=C\C(O)=O)C=C1","1"
"4-(anilinomethylidene)-3-methyl-4,5-dihydroisoxazol-5-one","NA","NA","NA","NA","NA","0"
"2-(benzylamino)-1,3-thiazole-5-carboxylic acid","NA","NA","NA","NA","NA","0"
"5-Methoxyindoleacetic acid","5-Methoxyindoleacetate","HMDB0004096","18986","C05660","COC1=CC2=C(NC=C2CC(O)=O)C=C1","1"
"Cinnamoylglycine","Cinnamoylglycine","HMDB0011621","709625",NA,"OC(=O)CNC(=O)\C=C\C1=CC=CC=C1","1"
"5-allyl-4,6-dimethyl-2-oxo-1,2-dihydropyridine-3-carbonitrile","NA","NA","NA","NA","NA","0"
"L-Tryptophan","L-Tryptophan","HMDB0000929","6305","C00078","N[C@@H](CC1=CNC2=C1C=CC=C2)C(O)=O","1"
"DL-Tryptophan","D-Tryptophan","HMDB0013609","9060","C00525","N[C@H](CC1=CNC2=C1C=CC=C2)C(O)=O","1"
"5-Hydroxytryptophan","5-Hydroxy-L-tryptophan","HMDB0000472","439280","C00643","N[C@@H](CC1=CNC2=C1C=C(O)C=C2)C(O)=O","1"
"4-methoxy-6-(prop-2-en-1-yl)-2H-1,3-benzodioxole","NA","NA","NA","NA","NA","0"
"4-morpholinobenzoic acid","NA","NA","NA","NA","NA","0"
"1-(4-nitrophenyl)piperidine","NA","NA","NA","NA","NA","0"
"1-(2-methoxy-4-nitrophenyl)pyrrolidine","NA","NA","NA","NA","NA","0"
"2-Hydroxyfelbamate","2-Hydroxyfelbamate","HMDB0060670","10400039","C16582","NC(=O)OCC(O)(COC(N)=O)C1=CC=CC=C1","1"
"Genipin","Genipin","HMDB0035830","23340","C09780","COC(=O)C1=COC(O)C2C1CC=C2CO","1"
"1-Methyladenosine","1-Methyladenosine","HMDB0003331","27476","C02494","CN1C=NC2=C(N=CN2[C@@H]2O[C@H](CO)[C@@H](O)[C@H]2O)C1=N","1"
"2-oxa-4-azatetracyclo[6.3.1.1~6,10~.0~1,5~]tridecan-3-one","NA","NA","NA","NA","NA","0"
"Pilocarpine","Pilocarpine","HMDB0015217","5910","C07474","CC[C@H]1[C@@H](CC2=CN=CN2C)COC1=O","1"
"N-Acetyl-L-carnosine","NA","NA","NA","NA","NA","0"
"N7-Methylguanosine","NA","NA","NA","NA","NA","0"
"Butenylcarnitine","Butenylcarnitine","HMDB0013126","53481699",NA,"C\C=C\C(=O)O[C@@H](CC([O-])=O)C[N+](C)(C)C","1"
"Prolylleucine","NA","NA","NA","NA","NA","0"
"gamma-Glutamylisoleucine","gamma-Glutamylisoleucine","HMDB0011170","22885096",NA,"CC[C@H](C)[C@H](NC(=O)CC[C@H](N)C(O)=O)C(O)=O","1"
"Sugeonyl acetate","NA","NA","NA","NA","NA","0"
"Undecanedioic acid","Undecanedioic acid","HMDB0000888","15816",NA,"OC(=O)CCCCCCCCCC(O)=O","1"
"(2R)-2-[(2R,5S)-5-[(2S)-2-hydroxybutyl]oxolan-2-yl]propanoic acid","NA","NA","NA","NA","NA","0"
"Butyrylcarnitine","Butyrylcarnitine","HMDB0002013","213144","C02862","CCCC(=O)O[C@H](CC([O-])=O)C[N+](C)(C)C","1"
"Hydroxybutyrylcarnitine","3-Hydroxybutyrylcarnitine","HMDB0013127","53481617",NA,"C[C@@H](O)CC(=O)O[C@@H](CC([O-])=O)C[N+](C)(C)C","1"
"tert-Butyl N-[1-(aminocarbonyl)-3-methylbutyl]carbamate","NA","NA","NA","NA","NA","0"
"Menadione","Menadione","HMDB0001892","4055","C05377","CC1=CC(=O)C2=CC=CC=C2C1=O","1"
"3-Indoleacrylic acid","Indoleacrylic acid","HMDB0000734","5375048",NA,"OC(=O)\C=C\C1=CNC2=C1C=CC=C2","1"
"2-phenyl-2,4,6,7-tetrahydrothiino[4,3-c]pyrazol-3-ol","NA","NA","NA","NA","NA","0"
"4-(2,3-dihydro-1,4-benzodioxin-6-yl)butanoic acid","NA","NA","NA","NA","NA","0"
"GNH","NA","NA","NA","NA","NA","0"
"4-(4-nitrophenylazo)aniline","NA","NA","NA","NA","NA","0"
"ethyl 5-hydroxy-4-oxo-4H-chromene-2-carboxylate","NA","NA","NA","NA","NA","0"
"2,3,4,9-Tetrahydro-1H--carboline-3-carboxylic acid","NA","NA","NA","NA","NA","0"
"3-(4-chloroanilino)-2-(isopropylsulfonyl)acrylonitrile","NA","NA","NA","NA","NA","0"
"N-Heptanoylhomoserine lactone","N-Heptanoylhomoserine lactone",NA,"14006","C11844",NA,"1"
"Indole-3-butyric acid","3-Indolebutyric acid","HMDB0002096","8617","C11284","OC(=O)CCCC1=CNC2=C1C=CC=C2","1"
"DL-5-Methoxytryptophan","NA","NA","NA","NA","NA","0"
"1-(2,6-difluorobenzyl)piperidine hydrochloride","NA","NA","NA","NA","NA","0"
"N-lactoyl-phenylalanine","N-Lactoylphenylalanine","HMDB0062175","11075454",NA,"C[C@H](O)C(=O)N[C@@H](CC1=CC=CC=C1)C(O)=O","1"
"Asarone","gamma-Asarone","HMDB0029872","636750","C17821","COC1=CC(OC)=C(OC)C=C1CC=C","1"
"3-(3,4,5-trimethoxyphenyl)propanoic acid","3-(3,4,5-Trimethoxyphenyl)propanoic acid","HMDB0030254","64860",NA,"COC1=CC(CCC(O)=O)=CC(OC)=C1OC","1"
"(2R,3S,4S,5R,6S)-2-(hydroxymethyl)-6-phenoxyoxane-3,4,5-triol","NA","NA","NA","NA","NA","0"
"2-morpholino-1-phenyl-1-ethanol","NA","NA","NA","NA","NA","0"
"N-(3-Oxooctanoyl)homoserine lactone","NA","NA","NA","NA","NA","0"
"thiamine phosphate","Thiamine monophosphate","HMDB0002666","1131","C01081","CC1=C(CCOP(O)(O)=O)SC=[N+]1CC1=CN=C(C)N=C1N","1"
"HET0016","NA","NA","NA","NA","NA","0"
"funeibiao","NA","NA","NA","NA","NA","0"
"Sedanolide","Neocnidilide","HMDB0034450","5018391","C17002","CCCCC1OC(=O)C2=CCCCC12","1"
"4-acetyl-4-(ethoxycarbonyl)heptanedioic acid","NA","NA","NA","NA","NA","0"
"Hexadecasphinganine","NA","NA","NA","NA","NA","0"
"Glutaconylcarnitine","Glutaconylcarnitine","HMDB0013129","53481620",NA,"OC(=O)C\C=C\C(=O)O[C@@H](CC([O-])=O)C[N+](C)(C)C","1"
"12-Oxo-9(Z)-dodecenoic acid","12-Oxo-9(Z)-dodecenoic acid","METPA1275",NA,"C16311",NA,"1"
"3,8,9-trihydroxy-10-propyl-3,4,5,8,9,10-hexahydro-2H-oxecin-2-one","NA","NA","NA","NA","NA","0"
"Tiglylcarnitine","Tiglylcarnitine","HMDB0002366","91825636",NA,"C\C=C(/C)C(=O)O[C@H](CC([O-])=O)C[N+](C)(C)C","1"
"Glutarylcarnitine","Glutarylcarnitine","HMDB0013130","53481699",NA,"C[N+](C)(C)C[C@@H](CC(O)=O)OC(=O)CCCC(O)=O","1"
"D-Maltose","D-Maltose","HMDB0000163","10991489","C00208","OC[C@H]1O[C@H](O[C@H]2[C@H](O)[C@H](O)[C@@H](O)O[C@@H]2CO)[C@H](O)[C@@H](O)[C@@H]1O","1"
"3-Oxododecanoic acid","3-Oxododecanoic acid","HMDB0010727","439717","C02367","CCCCCCCCCC(=O)CC(O)=O","1"
"Dodecanedioic acid","Dodecanedioic acid","HMDB0000623","12736","C02678","OC(=O)CCCCCCCCCCC(O)=O","1"
"Valerylcarnitine","Valerylcarnitine","HMDB0013128","16226475",NA,"CCCCC(=O)O[C@H](CC(O)=O)C[N+](C)(C)C","1"
"Galactosylhydroxylysine","Galactosylhydroxylysine","HMDB0000600","22833535","C05547","NCCCC[C@H](N(O)C1O[C@H](CO)[C@H](O)[C@H](O)[C@H]1O)C(O)=O","1"
"Dodecanoic acid","Dodecanoic acid","HMDB0000638","3893","C02679","CCCCCCCCCCCC(O)=O","1"
"12-Hydroxydodecanoic acid","12-Hydroxydodecanoic acid","HMDB0002059","79034","C08317","OCCCCCCCCCCCC(O)=O","1"
"Hydroxyvalerylcarnitine","Hydroxyvalerylcarnitine","HMDB0013132","145453469",NA,"CCC(O)CC(O)O[C@@H](CC([O-])=O)C[N+](C)(C)C","1"
"4-(3,4-dihydro-2H-1,5-benzodioxepin-7-ylamino)-4-oxobutanoic acid","NA","NA","NA","NA","NA","0"
"Hexanoylcarnitine","Hexanoylcarnitine","HMDB0000756","3246938",NA,"CCCCCC(=O)O[C@H](CC(O)=O)C[N+](C)(C)C","1"
"2-ethyl-1H-perimidine","NA","NA","NA","NA","NA","0"
"6-benzyl-4-oxo-1,4-dihydropyridine-3-carboxamide","NA","NA","NA","NA","NA","0"
"2-(3,5-dimethyl-1H-pyrazol-4-yl)-5-methoxybenzoic acid","NA","NA","NA","NA","NA","0"
"7-methoxy-1-methyl-3H,4H,9H-pyrido[3,4-b]indole","NA","NA","NA","NA","NA","0"
"2-Amino-9,10-epoxy-8-oxodecanoic acid","NA","NA","NA","NA","NA","0"
"Melatonin","Melatonin","HMDB0001389","896","C01598","COC1=CC2=C(NC=C2CCNC(C)=O)C=C1","1"
"1-(3-methoxy-2-nitrostyryl)pyrrolidine","NA","NA","NA","NA","NA","0"
"N-Phenylacetylglutamine","Phenylacetylglutamine","HMDB0006344","92258","C04148","NC(=O)CC[C@H](NC(=O)CC1=CC=CC=C1)C(O)=O","1"
"Aspartylphenylalanine","Aspartylphenylalanine","HMDB0000706","93078",NA,"N[C@@H](CC(O)=O)C(=O)N[C@@H](CC1=CC=CC=C1)C(O)=O","1"
"Hydroxypropionylcarnitine","Hydroxypropionylcarnitine","HMDB0013125","53481699",NA,"C[N+](C)(C)C[C@H](CC([O-])=O)OC(=O)CCO","1"
"3-methyl-5-oxo-5-(4-toluidino)pentanoic acid","NA","NA","NA","NA","NA","0"
"N-Caffeoyl Putrescine","NA","NA","NA","NA","NA","0"
"1-morpholino-3-(4-nitrophenoxy)propan-2-ol","NA","NA","NA","NA","NA","0"
"1-(3-ethyl-2,4-dihydroxy-6-methoxyphenyl)butan-1-one","NA","NA","NA","NA","NA","0"
"N-[1-(4-methoxy-2-oxo-2H-pyran-6-yl)-2-methylbutyl]acetamide","NA","NA","NA","NA","NA","0"
"Levalbuterol","Salbutamol","HMDB0001937","2083","C11770","CC(C)(C)NCC(O)C1=CC(CO)=C(O)C=C1","1"
"5-(6-hydroxy-6-methyloctyl)-2,5-dihydrofuran-2-one","NA","NA","NA","NA","NA","0"
"2-Hexenoylcarnitine","2-Hexenoylcarnitine","HMDB0013161","53481638",NA,"CCC\C=C\C(=O)OC(CC([O-])=O)C[N+](C)(C)C","1"
"3-Methylglutarylcarnitine","3-Methylglutarylcarnitine","HMDB0000552","128145",NA,"C[C@H](CC(O)=O)CC(=O)O[C@H](CC([O-])=O)C[N+](C)(C)C","1"
"Cuscohygrine","Cuscohygrine","HMDB0030290","441070","C06521","CN1CCCC1CC(=O)CC1CCCN1C","1"
"3-hydroxy-2-octylpentanedioic acid","NA","NA","NA","NA","NA","0"
"1H-indol-3-yl(pyridin-2-yl)methanol","NA","NA","NA","NA","NA","0"
"8,8-dimethyl-2H,8H-pyrano[3,2-g]chromen-2-one","NA","NA","NA","NA","NA","0"
"5,7-dimethyl-2-phenylpyrazolo[1,5-a]pyrimidine","NA","NA","NA","NA","NA","0"
"(2S)-2-(2-hydroxypropan-2-yl)-2H,3H,7H-furo[3,2-g]chromen-7-one","NA","NA","NA","NA","NA","0"
"N2-tetrahydrofuran-2-ylmethyl-4-(4-fluorophenyl)-1,3-thiazol-2-amine","NA","NA","NA","NA","NA","0"
"(9R,10S)-(12Z)-9,10-Epoxyoctadecenoic acid","NA","NA","NA","NA","NA","0"
"fluvoxamino acid","fluvoxamino acid","HMDB0060950","46781630",NA,"NCCO\N=C(/CCCC(O)=O)C1=CC=C(C=C1)C(F)(F)F","1"
"indol","Indole","HMDB0000738","798","C00463","N1C=CC2=C1C=CC=C2","1"
"Ubiquinone-1","Ubiquinone-1","HMDB0002012","4462","C00399","COC1=C(OC)C(=O)C(CC=C(C)C)=C(C)C1=O","1"
"4-(1-adamantyl)-2-methyl-1,3-thiazole","NA","NA","NA","NA","NA","0"
"2-(2-amino-3-methylbutanamido)-3-phenylpropanoic acid","NA","NA","NA","NA","NA","0"
"DNH","NA","NA","NA","NA","NA","0"
"2,6-Di-tert-butyl-1,4-benzoquinone","2,6-Di-tert-butylbenzoquinone","HMDB0013817","12867",NA,"CC(C)(C)C1=CC(=O)C=C(C1=O)C(C)(C)C","1"
"(2R,3S,4S,5R,6R)-2-(hydroxymethyl)-6-(2-phenylethoxy)oxane-3,4,5-triol","NA","NA","NA","NA","NA","0"
"GRH","NA","NA","NA","NA","NA","0"
"Pimelylcarnitine","Pimelylcarnitine","HMDB0013328","53481699",NA,"C[N+](C)(C)C[C@@H](CC([O-])=O)OC(=O)CCCCCC(O)=O","1"
"Tetradecanedioic acid","Tetradecanedioic acid","HMDB0000872","13185","C11002","OC(=O)CCCCCCCCCCCCC(O)=O","1"
"Myristic acid","Myristic acid","HMDB0000806","11005","C06424","CCCCCCCCCCCCCC(O)=O","1"
"Lauric acid ethyl ester","Ethyl dodecanoate","HMDB0033788","7800",NA,"CCCCCCCCCCCC(=O)OCC","1"
"2S-Hydroxytetradecanoic acid","NA","NA","NA","NA","NA","0"
"(R)-3-Hydroxy myristic acid","NA","NA","NA","NA","NA","0"
"Succinylcholine","Succinylcholine","HMDB0014347","5314","C07546","C[N+](C)(C)CCOC(=O)CCC(=O)OCC[N+](C)(C)C","1"
"(2E)-1-(2,4-dihydroxyphenyl)-3-(4-hydroxyphenyl)prop-2-en-1-one","NA","NA","NA","NA","NA","0"
"N-cyclohexyl-1-methyl-5-(1H-pyrrol-1-yl)-1H-pyrazole-4-carboxamide","NA","NA","NA","NA","NA","0"
"N-{[(2R,4S,5R)-5-Ethyl-1-azabicyclo[2.2.2]oct-2-yl]methyl}-2-furamide","NA","NA","NA","NA","NA","0"
"TQH","NA","NA","NA","NA","NA","0"
"Genistein","Genistein","HMDB0003217","5280961","C06563","OC1=CC=C(C=C1)C1=COC2=CC(O)=CC(O)=C2C1=O","1"
"Luteolin","Luteolin","HMDB0005800","5280445","C01514","OC1=CC2=C(C(O)=C1)C(=O)C=C(O2)C1=CC=C(O)C(O)=C1","1"
"4-hydroxy-1-phenyl-1,2-dihydroquinolin-2-one","NA","NA","NA","NA","NA","0"
"5-[4-(phenylsulfonyl)phenyl]-1H-pyrazole","NA","NA","NA","NA","NA","0"
"4-(4-methoxyphenyl)-6-pyridin-4-yl-1,3,5-triazin-2(3H)-one","NA","NA","NA","NA","NA","0"
"1-(2-fluoro[1,1-biphenyl]-4-yl)propan-1-one","NA","NA","NA","NA","NA","0"
"4,4-dimethoxy[1,1-biphenyl]-2-carbonitrile","NA","NA","NA","NA","NA","0"
"1-[2-(2,5-dimethyl-1H-pyrrol-1-yl)-4-nitrophenyl]-1H-imidazole","NA","NA","NA","NA","NA","0"
"Phloretin","Phloretin","HMDB0003306","4788","C00774","OC1=CC=C(CCC(=O)C2=C(O)C=C(O)C=C2O)C=C1","1"
"Meperidine-d5","NA","NA","NA","NA","NA","0"
"4-methoxy-6-[2-(4-methoxyphenyl)ethyl]-2H-pyran-2-one","NA","NA","NA","NA","NA","0"
"5-(4-benzylpiperazino)-2,4(1H,3H)-pyrimidinedione","NA","NA","NA","NA","NA","0"
"bicyclo[2.2.2]oct-2-en-1-yl 4-methylbenzene-1-sulfonate","NA","NA","NA","NA","NA","0"
"Abscisate","Genomorphine","HMDB0029382","5375200","C11786","CN1(=O)CCC23C4OC5=C(O)C=CC(CC1C2C=CC4O)=C35","1"
"Gemfibrozil","Gemfibrozil","HMDB0015371","3463","C07020","CC1=CC(OCCCC(C)(C)C(O)=O)=C(C)C=C1","1"
"Artemisinin","NA","NA","NA","NA","NA","0"
"Dihydrophaseic acid","Dihydrophaseic acid","HMDB0038660","11988272","C15971","C\C(\C=C\[C@]1(O)[C@@]2(C)CO[C@]1(C)C[C@@H](O)C2)=C\C(O)=O","1"
"N-Desmethyltramadol","N-Desmethyltramadol","HMDB0061007","12149038",NA,"CNC[C@H]1CCCC[C@]1(O)C1=CC(OC)=CC=C1","1"
"(5E)-7-methylidene-10-oxo-4-(propan-2-yl)undec-5-enoic acid","NA","NA","NA","NA","NA","0"
"3-[4-methyl-1-(2-methylpropanoyl)-3-oxocyclohexyl]butanoic acid","NA","NA","NA","NA","NA","0"
"2-Octenoylcarnitine","2-Octenoylcarnitine","HMDB0013324","70679121",NA,"CCCCC\C=C\C(=O)O[C@@H](CC([O-])=O)C[N+](C)(C)C","1"
"L-Octanoylcarnitine","Octanoylcarnitine","HMDB0000791","11953814","C02838","CCCCCCCC(=O)O[C@H](CC(O)=O)C[N+](C)(C)C","1"
"12-Methyltetradecanoic acid","12-Methyltetradecanoic acid",NA,"51090989","C16665",NA,"1"
"3-(5-phenyl-1,3-oxazol-2-yl)-4-(trifluoromethyl)pyridine","NA","NA","NA","NA","NA","0"
"Estazolam","Estazolam","HMDB0015346","3261","C06981","ClC1=CC2=C(C=C1)N1C=NN=C1CN=C2C1=CC=CC=C1","1"
"5,7-dihydroxy-3-(4-methoxyphenyl)-4H-chromen-4-one","NA","NA","NA","NA","NA","0"
"6-phenyl-1,2,3,4-tetrahydro-2,5-benzodiazocin-1-one","NA","NA","NA","NA","NA","0"
"2-(1,3-benzodioxol-5-yl)-7-ethylimidazo[1,2-a]pyridine","NA","NA","NA","NA","NA","0"
"4-morpholino-6-phenylthieno[2,3-d]pyrimidine","NA","NA","NA","NA","NA","0"
"N1-[1-(2-hydroxyphenyl)ethylidene]-3-methoxybenzene-1-carbohydrazide","NA","NA","NA","NA","NA","0"
"Normorphine","Normorphine","HMDB0041959","5462508","C11785","[H][C@@]12OC3=C4C(C[C@@]5([H])NCC[C@@]14[C@@]5([H])C=C[C@@H]2O)=CC=C3O","1"
"1,2-di(3,4-dimethoxyphenyl)diaz-1-ene","NA","NA","NA","NA","NA","0"
"N-(4-piperidinophenyl)-2-thiophenecarboxamide","NA","NA","NA","NA","NA","0"
"N1-(3-pyridyl)-2,3,4,5,6-pentamethylbenzene-1-sulfonamide","NA","NA","NA","NA","NA","0"
"Octyl hydrogen phthalate","NA","NA","NA","NA","NA","0"
"N-P-Coumaroyl Spermidine","NA","NA","NA","NA","NA","0"
"2-(1-adamantyl)-1-morpholinoethan-1-one","NA","NA","NA","NA","NA","0"
"Tramadol N-Oxide","NA","NA","NA","NA","NA","0"
"Esmolol","Esmolol","HMDB0014333","59768","C06980","COC(=O)CCC1=CC=C(OCC(O)CNC(C)C)C=C1","1"
"tetranor-12(R)-HETE","NA","NA","NA","NA","NA","0"
"(2E,6E)-10,11-Epoxy-3,7,11-trimethyltridecadienoic acid","NA","NA","NA","NA","NA","0"
"(6R,7S)-6,7-Epoxyoctadecanoic acid","NA","NA","NA","NA","NA","0"
"13,14-dihydro-15-keto-tetranor Prostaglandin D2","NA","NA","NA","NA","NA","0"
"Artemether","Artemether","HMDB0015643","68911",NA,"[H][C@@]12CC[C@@H](C)[C@]3([H])CC[C@@]4(C)OO[C@@]13[C@]([H])(O[C@H](OC)[C@@H]2C)O4","1"
"9,10-Dihydroxy-12,13-epoxyoctadecanoate","9,10-Dihydroxy-12,13-epoxyoctadecanoate",NA,"17395835","C14837",NA,"1"
"tetranor-PGFM","NA","NA","NA","NA","NA","0"
"TLH","NA","NA","NA","NA","NA","0"
"EPK","NA","NA","NA","NA","NA","0"
"Neomenthol-glucuronide","Neomenthol-glucuronide","HMDB0060012","183838",NA,"CC(C)C1CCC(C)CC1O[C@@H]1O[C@@H]([C@@H](O)[C@H](O)[C@H]1O)C(O)=O","1"
"DLK","NA","NA","NA","NA","NA","0"
"9-hexadecenoic acid","Palmitoleic acid","HMDB0003229","445638","C08362","CCCCCC\C=C/CCCCCCCC(O)=O","1"
"Hexadecanedioic acid","Hexadecanedioic acid","HMDB0000672","10459","C19615","OC(=O)CCCCCCCCCCCCCCC(O)=O","1"
"INK","NA","NA","NA","NA","NA","0"
"Nonanoylcarnitine","Nonanoylcarnitine","HMDB0013288","53481699",NA,"CCCCCCCCC(=O)OC(CC([O-])=O)C[N+](C)(C)C","1"
"Ethyl myristate","Ethyl tetradecanoate","HMDB0034153","31283",NA,"CCCCCCCCCCCCCC(=O)OCC","1"
"Palmitic Acid","Palmitic acid","HMDB0000220","985","C00249","CCCCCCCCCCCCCCCC(O)=O","1"
"16-Hydroxyhexadecanoic acid","16-Hydroxyhexadecanoic acid","HMDB0006294","10466","C18218","OCCCCCCCCCCCCCCCC(O)=O","1"
"10,16-Dihydroxyhexadecanoic acid","(S)-10,16-Dihydroxyhexadecanoic acid","HMDB0037798","441449","C08285","OCCCCCCC(O)CCCCCCCCC(O)=O","1"
"TKK","NA","NA","NA","NA","NA","0"
"(2,6-dimethylpiperidino)(3,4,5-trimethoxyphenyl)methanone","NA","NA","NA","NA","NA","0"
"3-(4-chlorophenyl)-5-(3-phenyl-1H-pyrazol-4-yl)-1,2,4-oxadiazole","NA","NA","NA","NA","NA","0"
"2-[(3-methylbenzo[b]thiophen-2-yl)carbonyl]benzoic acid","NA","NA","NA","NA","NA","0"
"2-(1H-1,2,3-benzotriazol-1-yl)-N-(2,3-dihydro-1H-inden-2-yl)acetamide","NA","NA","NA","NA","NA","0"
"Ofloxacin impurity E","NA","NA","NA","NA","NA","0"
"Piperine","Piperine","HMDB0029377","638024","C03882","O=C(\C=C\C=C\C1=CC2=C(OCO2)C=C1)N1CCCCC1","1"
"Riboflavin","Riboflavin","HMDB0000244","493570","C00255","CC1=C(C)C=C2N(C[C@H](O)[C@H](O)[C@H](O)CO)C3=NC(=O)NC(=O)C3=NC2=C1","1"
"Vitamin B2","Riboflavin","HMDB0000244","493570","C00255","CC1=C(C)C=C2N(C[C@H](O)[C@H](O)[C@H](O)CO)C3=NC(=O)NC(=O)C3=NC2=C1","1"
"N1-(3,4-dimethoxyphenethyl)-4-methylbenzene-1-sulfonamide","NA","NA","NA","NA","NA","0"
"2-[(3S)-1-(1-Methyl-4-piperidinyl)-3-pyrrolidinyl]-1H-benzimidazole","NA","NA","NA","NA","NA","0"
"O1-[4-(tert-butyl)benzoyl]-2-(tert-butylsulfonyl)ethanehydroximamide","NA","NA","NA","NA","NA","0"
"HPK","NA","NA","NA","NA","NA","0"
"ERH","NA","NA","NA","NA","NA","0"
"RMH","NA","NA","NA","NA","NA","0"
"6-O-(2-Methylbutanoyl)--D-glucopyranosyl -D-glucopyranoside","NA","NA","NA","NA","NA","0"
"PLK","NA","NA","NA","NA","NA","0"
"3-(O-Geranylgeranyl)-sn-glycerol 1-phosphate","3-(O-Geranylgeranyl)-sn-glycerol 1-phosphate",NA,"7189","C04590",NA,"1"
"trans-10-Heptadecenoic Acid","NA","NA","NA","NA","NA","0"
"16-Heptadecyne-1,2,4-triol","NA","NA","NA","NA","NA","0"
"RPK","NA","NA","NA","NA","NA","0"
"Decanoylcarnitine","Decanoylcarnitine","HMDB0000651","11953821","C03299","CCCCCCCCCC(=O)O[C@H](CC([O-])=O)C[N+](C)(C)C","1"
"Heptadecanoic Acid","Heptadecanoic acid","HMDB0002259","10465",NA,"CCCCCCCCCCCCCCCCC(O)=O","1"
"15-Methylpalmitate","15-Methylpalmitate","HMDB0061709","164860",NA,"CC(C)CCCCCCCCCCCCCC(O)=O","1"
"2,3-dihydroxypropyl 12-methyltridecanoate","NA","NA","NA","NA","NA","0"
"RMK","NA","NA","NA","NA","NA","0"
"17beta-Trenbolone","NA","NA","NA","NA","NA","0"
"3-[4-(tert-butyl)anilino]-2-(3-thienylcarbonyl)acrylonitrile","NA","NA","NA","NA","NA","0"
"2-[(3S)-1-Benzyl-3-pyrrolidinyl]-1,3-benzothiazole","NA","NA","NA","NA","NA","0"
"7C-aglycone","7C-aglycone","HMDB0004808","20348793",NA,"C\C(CCC(O)=O)=C\CC1=C(C)C(=O)C2=C(C=CC=C2)C1=O","1"
"Enterodiol","Enterodiol","HMDB0005056","115089","C18166","OC[C@H](CC1=CC(O)=CC=C1)[C@H](CO)CC1=CC(O)=CC=C1","1"
"Estradiol","Estradiol","HMDB0000151","5757","C00951","[H][C@@]12CC[C@H](O)[C@@]1(C)CC[C@]1([H])C3=C(CC[C@@]21[H])C=C(O)C=C3","1"
"Estriol","Estriol","HMDB0000153","5756","C05141","[H][C@@]12C[C@@H](O)[C@H](O)[C@@]1(C)CC[C@]1([H])C3=C(CC[C@@]21[H])C=C(O)C=C3","1"
"Zearalanol","Zeranol","HMDB0032702","22283","C14752","CC1CCCC(O)CCCCCC2=CC(O)=CC(O)=C2C(=O)O1","1"
"N-[4-(tert-butyl)phenyl]-N-cyclohexyl-N-methylurea","NA","NA","NA","NA","NA","0"
"Stearidonic acid","Stearidonic acid","HMDB0006547","5312508","C16300","CC\C=C/C\C=C/C\C=C/C\C=C/CCCCC(O)=O","1"
"12-oxo Phytodienoic Acid","NA","NA","NA","NA","NA","0"
"N-[(4-hydroxy-3-methoxyphenyl)methyl]-8-methylnonanamide","NA","NA","NA","NA","NA","0"
"Gamma-Linolenic acid","gamma-Linolenic acid","HMDB0003073","5280933","C06426","CCCCC\C=C/C\C=C/C\C=C/CCCCC(O)=O","1"
"-Eleostearic acid","NA","NA","NA","NA","NA","0"
"9-Oxo-ODE","9-OxoODE","HMDB0004669","9839084","C14766","CCCCC\C=C/C=C/C(=O)CCCCCCCC(O)=O","1"
"13(S)-HOTrE","NA","NA","NA","NA","NA","0"
"(9S,10E,12Z,15Z)-9-Hydroxy-10,12,15-octadecatrienoic acid","(9S,10E,12Z,15Z)-9-Hydroxy-10,12,15-octadecatrienoic acid","HMDB0031934","13917187",NA,"CC\C=C\C\C=C\C=C\C(O)CCCCCCCC(O)=O","1"
"13-Hpotre(R)","NA","NA","NA","NA","NA","0"
"2,3-Dinor-11-prostaglandin F2","NA","NA","NA","NA","NA","0"
"2,3-dinor Prostaglandin E1","NA","NA","NA","NA","NA","0"
"10-Nitrolinoleate","10-Nitrolinoleic acid","HMDB0005049","5282259","C13800","CCCCC\C=C/C\C(=C/CCCCCCCC(O)=O)[N+]([O-])=O","1"
"Linoleic acid","Linoleic acid","HMDB0000673","5280450","C01595","CCCCC\C=C/C\C=C/CCCCCCCC(O)=O","1"
"(+/-)9(10)-EpOME","NA","NA","NA","NA","NA","0"
"9-HpODE","(10E,12Z)-(9S)-9-Hydroperoxyoctadeca-10,12-dienoic acid","HMDB0062434","9548877","C14827","[H]\C(CCCCC)=C(/[H])\C(\[H])=C(/[H])[C@]([H])(CCCCCCCC(O)=O)OO","1"
"9S-HpODE","(10E,12Z)-(9S)-9-Hydroperoxyoctadeca-10,12-dienoic acid","HMDB0062434","9548877","C14827","[H]\C(CCCCC)=C(/[H])\C(\[H])=C(/[H])[C@]([H])(CCCCCCCC(O)=O)OO","1"
"(7S,8S)-DiHODE","(7S,8S)-DiHODE","METPA0927",NA,"C07354",NA,"1"
"Corchorifatty acid F","Corchorifatty acid F","HMDB0035919","44559173",NA,"CC\C=C/CC(O)C(O)\C=C\C(O)CCCCCCCC(O)=O","1"
"(11E,15Z)-9,10,13-trihydroxyoctadeca-11,15-dienoic acid","NA","NA","NA","NA","NA","0"
"Tributyl citrate","NA","NA","NA","NA","NA","0"
"Elaidic acid","Elaidic acid","HMDB0000573","637517","C01712","CCCCCCCC\C=C\CCCCCCCC(O)=O","1"
"Oleic acid (9-oleic acid)","NA","NA","NA","NA","NA","0"
"Oleic acid","Oleic acid","HMDB0000207","445639","C00712","CCCCCCCC\C=C/CCCCCCCC(O)=O","1"
"(E)-Heptadec-9-enoic acid","NA","NA","NA","NA","NA","0"
"(+/-)12(13)-DiHOME","NA","NA","NA","NA","NA","0"
"(9Z)-(7S,8S)-Dihydroxyoctadecenoic acid","(9Z)-(7S,8S)-Dihydroxyoctadecenoic acid",NA,"5281030","C07355","CCCCCCCC/C=C\(O)(O)CCCCCC(=O)O","1"
"12(13)-DiHOME","NA","NA","NA","NA","NA","0"
"(12Z)-9,10,11-trihydroxyoctadec-12-enoic acid","NA","NA","NA","NA","NA","0"
"Oleamide","Oleamide","HMDB0002117","5283387","C19670","CCCCCCCC\C=C/CCCCCCCC(N)=O","1"
"3-Ketosphingosine","3-Ketosphingosine","HMDB0245914","440922","C06121","CCCCCCCCCCCCCC=CC(=O)C(N)CO","1"
"N-(3-Oxododecanoyl)homoserine lactone","NA","NA","NA","NA","NA","0"
"triglyceride","Torvoside G","HMDB0030337","4290702",NA,"COC1(CCC(C)COC2OC(CO)C(O)C(O)C2O)OC2CC3C4CCC5CC(=O)CCC5(C)C4CCC3(C)C2C1C","1"
"Stearic acid","Stearic acid","HMDB0000827","5281","C01530","CCCCCCCCCCCCCCCCCC(O)=O","1"
"Sphingosine","Sphingosine","HMDB0000252","5280335","C00319","CCCCCCCCCCCCC\C=C\[C@@H](O)[C@@H](N)CO","1"
"D-Sphingosine","Sphingosine","HMDB0000252","5280335","C00319","CCCCCCCCCCCCC\C=C\[C@@H](O)[C@@H](N)CO","1"
"N-Palmitoyl taurine","N-Palmitoyltaurine","HMDB0240594","14504290",NA,"CCCCCCCCCCCCCCCC(=O)NCCS(O)(=O)=O","1"
"Sphingosine 1-phosphate","Sphingosine 1-phosphate","HMDB0000277","5283560","C06124","CCCCCCCCCCCCC\C=C\[C@@H](O)[C@@H](N)COP(O)(O)=O","1"
"Sphinganine","Sphinganine","HMDB0000269","91486","C00836","CCCCCCCCCCCCCCC[C@@H](O)[C@@H](N)CO","1"
"2-Amino-1,3,4-octadecanetriol","NA","NA","NA","NA","NA","0"
"Phytosphingosine","Phytosphingosine","HMDB0004610","122121","C12144","CCCCCCCCCCCCCC[C@@H](O)[C@@H](O)[C@@H](N)CO","1"
"Androstenedione","Androstenedione","HMDB0000053","6128","C00280","[H][C@@]12CCC(=O)[C@@]1(C)CC[C@@]1([H])[C@@]2([H])CCC2=CC(=O)CC[C@]12C","1"
"(1E)-1,7-bis(4-hydroxyphenyl)hept-1-en-3-one","NA","NA","NA","NA","NA","0"
"Cryptotanshinone","Cryptotanshinone","HMDB0035220","496348",NA,"CC1COC2=C1C(=O)C(=O)C1=C2C=CC2=C1CCCC2(C)C","1"
"(5S)-5-hydroxy-1,7-diphenylheptan-3-one","NA","NA","NA","NA","NA","0"
"1,7-bis(4-hydroxyphenyl)heptan-3-one","NA","NA","NA","NA","NA","0"
"N1,N1-diethyl-4-[5-(4-nitrophenyl)-1,3-oxazolan-2-yl]aniline","NA","NA","NA","NA","NA","0"
"N1-[1-(2,4-dichlorobenzoyl)-4-piperidyl]cyclohexane-1-carboxamide","NA","NA","NA","NA","NA","0"
"di{4-[(2-hydroxyethyl)(methyl)amino]phenyl}methanone","NA","NA","NA","NA","NA","0"
"1-(4-benzylpiperazino)-2-(pyridin-2-ylamino)propan-1-one","NA","NA","NA","NA","NA","0"
"3-Hydroxy-5, 8-tetradecadiencarnitine","3-Hydroxy-5,8-tetradecadienoylcarnitine","HMDB0013332","53481683",NA,"CCCCC\C=C/C\C=C/C[C@@H](O)CC(=O)O[C@H](CC([O-])=O)C[N+](C)(C)C","1"
"Bortezomib","Bortezomib","HMDB0014334","387447",NA,"CC(C)C[C@H](NC(=O)[C@H](CC1=CC=CC=C1)NC(=O)C1=CN=CC=N1)B(O)O","1"
"2-[4-(tert-butyl)phenyl]-5-methylperhydroisoindole-1,3-dione","NA","NA","NA","NA","NA","0"
"Methoxyestradiol","NA","NA","NA","NA","NA","0"
"Coenzyme Q2","Ubiquinone-2","HMDB0006709","5280346","C00399","COC1=C(OC)C(=O)C(C\C=C(/C)CCC=C(C)C)=C(C)C1=O","1"
"Alatolide","alatolide",NA,"5281421","C09290","C=C1C(=O)O2/C=C(\CO)CC/C=C(\CO)C(OC(=O)C(C)C)12","1"
"DHEA","Dehydroepiandrosterone","HMDB0000077","5881","C01227","[H][C@@]12CCC(=O)[C@@]1(C)CC[C@@]1([H])[C@@]2([H])CC=C2C[C@@H](O)CC[C@]12C","1"
"Dehydroepiandrosterone (DHEA)","NA","NA","NA","NA","NA","0"
"11-Oxoetiocholanolone","11-Ketoetiocholanolone","HMDB0006031","101850","C14552","[H][C@@]12CCC(=O)[C@@]1(C)CC(=O)[C@@]1([H])[C@@]2([H])CC[C@]2([H])C[C@H](O)CC[C@]12C","1"
"Androsterone","Androsterone","HMDB0000031","5879","C00523","[H][C@@]12CCC(=O)[C@@]1(C)CC[C@@]1([H])[C@@]2([H])CC[C@@]2([H])C[C@H](O)CC[C@]12C","1"
"Deoxyelephantopin","Deoxyelephantopin",NA,"6325056","C09388","C=C(C)C(=O)O1CC2=C(C/C(C)=C/3OC(=O)C(=C)13)OC2=O","1"
"Dihydroroseoside","Dihydroroseoside","HMDB0040614","16196969",NA,"CC(OC1OC(CO)C(O)C(O)C1O)\C=C\C1(O)C(C)CC(=O)CC1(C)C","1"
"1,2-dihydroxyheptadec-16-yn-4-yl acetate","NA","NA","NA","NA","NA","0"
"trans-2-Dodecenoylcarnitine","trans-2-Dodecenoylcarnitine","HMDB0013326","53481671",NA,"CCCCCCCCC\C=C\C(=O)O[C@@H](CCC([O-])=O)[N+](C)(C)C","1"
"Methyl trans-9-octadecenoate","NA","NA","NA","NA","NA","0"
"1,4-dihydroxyheptadec-16-en-2-yl acetate","NA","NA","NA","NA","NA","0"
"Dodecanoylcarnitine","Dodecanoylcarnitine","HMDB0002250","168381",NA,"CCCCCCCCCCCC(=O)O[C@H](CC(O)=O)C[N+](C)(C)C","1"
"Pristanic acid","Pristanic acid","HMDB0000795","123929",NA,"CC(C)CCCC(C)CCCC(C)CCCC(C)C(O)=O","1"
"Nonadecanoic acid","Nonadecanoic acid","HMDB0000772","12591","C16535","CCCCCCCCCCCCCCCCCCC(O)=O","1"
"1-Palmitoylglycerol 3-phosphate","NA","NA","NA","NA","NA","0"
"11-dehydro Thromboxane B2","NA","NA","NA","NA","NA","0"
"Oleoyl ethanolamide","Oleoylethanolamide","HMDB0002088","5283454",NA,"CCCCCCCC\C=C/CCCCCCCC(=O)NCCO","1"
"N-(3-Hydroxy-7-cis-tetradecenoyl)homoserine lactone","N-(3-Hydroxy-7-cis-tetradecenoyl)homoserine lactone",NA,"14007","C11845",NA,"1"
"2-[(3S)-1-(1H-Indol-3-ylmethyl)-3-pyrrolidinyl]-1H-benzimidazole","NA","NA","NA","NA","NA","0"
"2-[1-(4-isobutylphenyl)ethyl]-5-(3-nitrophenyl)-1,3,4-oxadiazole","NA","NA","NA","NA","NA","0"
"LSD-d3","NA","NA","NA","NA","NA","0"
"Desacetyl diltiazem","NA","NA","NA","NA","NA","0"
"Kahweol","Kahweol","HMDB0035602","442495","C09893","CC12C=CC3=C(C=CO3)C1CCC13CC(CCC21)C(O)(CO)C3","1"
"Trilostane","Trilostane","HMDB0015240","656583","C12580","[H][C@]12O[C@]11CC[C@@]3([H])[C@]4([H])CC[C@H](O)[C@@]4(C)CC[C@]3([H])[C@@]1(C)CC(C#N)=C2O","1"
"Cafestol","Cafestol","HMDB0035710","2516","C09066","CC12CCC3=C(C=CO3)C1CCC13CC(CCC21)C(O)(CO)C3","1"
"Prostaglandin A3","NA","NA","NA","NA","NA","0"
"Eicosapentaenoic acid","Eicosapentaenoic acid","HMDB0001999","446284","C06428","CC\C=C/C\C=C/C\C=C/C\C=C/C\C=C/CCCC(O)=O","1"
"Methenolone","Methenolone","HMDB0041928","3037705",NA,"[H][C@]1(O)CC[C@@]2([H])[C@]3([H])CC[C@@]4([H])CC(=O)C=C(C)[C@]4(C)[C@@]3([H])CC[C@]12C","1"
"(5,9)-17-Hydroxykaur-15-en-19-oic acid","NA","NA","NA","NA","NA","0"
"14,15-EpETE","14,15-EpETE","HMDB0010205","16061088",NA,"CC\C=C/CC1OC1C\C=C/C\C=C/C\C=C/CCCC(O)=O","1"
"8-HEPE","NA","NA","NA","NA","NA","0"
"13,14-dihydro-15-keto Prostaglandin A2","NA","NA","NA","NA","NA","0"
"8-Iso prostaglandin A2","NA","NA","NA","NA","NA","0"
"Prostaglandin K2","NA","NA","NA","NA","NA","0"
"19(R)-hydroxy Prostaglandin A2","NA","NA","NA","NA","NA","0"
"T-2 Triol","T2 Triol","HMDB0035396","608974",NA,"CC(C)CC(=O)OC1CC2(CO)C(OC3C(O)C(O)C2(C)C32CO2)C=C1C","1"
"All-Trans-13,14-Dihydroretinol","All-trans-13,14-dihydroretinol","HMDB0011618","446798","C15492","CC(CCO)\C=C\C=C(/C)\C=C\C1=C(C)CCCC1(C)C","1"
"Arachidonic acid","Arachidonic acid","HMDB0001043","444899","C00219","CCCCC\C=C/C\C=C/C\C=C/C\C=C/CCCC(O)=O","1"
"(+/-)11(12)-EET","NA","NA","NA","NA","NA","0"
"12-HETE","12-HETE","HMDB0006111","5283155","C14777","CCCCC\C=C/C[C@H](O)\C=C\C=C/C\C=C/CCCC(O)=O","1"
"(+/-)5(6)-EET","NA","NA","NA","NA","NA","0"
"5(S),15(S)-DiHETE","5,15-DiHETE","HMDB0010216","5283158",NA,"CCCCC[C@H](O)\C=C\C=C/C\C=C/C=C/[C@@H](O)CCCC(O)=O","1"
"Hepoxilin A3","Hepoxilin A3","HMDB0004688","5460414","C14808","CCCCC\C=C/C[C@@H]1O[C@@H]1\C=C\C(O)C\C=C/CCCC(O)=O","1"
"13,14-dihydro-15-keto Prostaglandin E2","NA","NA","NA","NA","NA","0"
"19(R)-Hydroxy-prostaglandin E2","19-Hydroxy-PGE2","HMDB0001908","5283038",NA,"C[C@@H](O)CCC[C@H](O)\C=C\[C@H]1[C@H](O)CC(=O)[C@@H]1C\C=C/CCCC(O)=O","1"
"17-Methyl-androstan-3-hydroxyimine-17-ol","NA","NA","NA","NA","NA","0"
"8,11,14-Eicosatrienoic acid","Dihomo-gamma-linolenic acid","HMDB0002925","5280581","C03242","CCCCC\C=C/C\C=C/C\C=C/CCCCCCC(O)=O","1"
"8Z,11Z,14Z-Eicosatrienoic acid","Dihomo-gamma-linolenic acid","HMDB0002925","5280581","C03242","CCCCC\C=C/C\C=C/C\C=C/CCCCCCC(O)=O","1"
"8(9)-DiHET","NA","NA","NA","NA","NA","0"
"11-Prostaglandin F2","NA","NA","NA","NA","NA","0"
"11-Epiprostaglandin E1","NA","NA","NA","NA","NA","0"
"8-Isoprostaglandin F2a","8-Isoprostaglandin F2a","HMDB0005083","5282263","C13809","CCCCC[C@H](O)\C=C\[C@H]1[C@H](O)C[C@H](O)[C@H]1C\C=C/CCCC(O)=O","1"
"19(R)-hydroxy Prostaglandin E1","NA","NA","NA","NA","NA","0"
"Alpha-Linolenoyl ethanolamide","Alpha-Linolenoyl ethanolamide","HMDB0013624","5283449","C13828","CC\C=C/C\C=C/C\C=C/CCCCCCCC(=O)NCCO","1"
"11(Z),14(Z)-Eicosadienoic Acid","NA","NA","NA","NA","NA","0"
"(11Z,14Z)-Icosa-11,14-dienoic acid","Eicosadienoic acid","HMDB0005060","6439848","C16525","CCCCC\C=C/C\C=C/CCCCCCCCCC(O)=O","1"
"11-Deoxy prostaglandin F1","NA","NA","NA","NA","NA","0"
"13,14-dihydro Prostaglandin E1","NA","NA","NA","NA","NA","0"
"Prostaglandin F1","Prostaglandin F1a","HMDB0002685","5280939","C06475","CCCCC[C@H](O)\C=C\[C@H]1[C@H](O)C[C@H](O)[C@@H]1CCCCCCC(O)=O","1"
"Thromboxane B1","NA","NA","NA","NA","NA","0"
"Linoleoyl ethanolamide","Linoleoyl ethanolamide","HMDB0012252","5283446",NA,"CCCCC\C=C/C\C=C/CCCCCCCC(=O)NCCO","1"
"N-Oleoyl Glycine","NA","NA","NA","NA","NA","0"
"Oleoyl glycine","Oleoyl glycine","HMDB0013631","6436908",NA,"CCCCCCCC\C=C/CCCCCCCC(=O)NCC(O)=O","1"
"11-Eicosenoic acid","11Z-Eicosenoic acid","HMDB0002231","5282768","C16526","CCCCCCCC\C=C/CCCCCCCCCC(O)=O","1"
"N-Acetylsphingosine","NA","NA","NA","NA","NA","0"
"(2R)-(9Z,12Z,15Z)-2-Hydroperoxyoctadecatri-9,12,15-enoic acid","NA","NA","NA","NA","NA","0"
"Arachidic acid","Arachidic acid","HMDB0002212","10467","C06425","CCCCCCCCCCCCCCCCCCCC(O)=O","1"
"N,N-Dimethylsphing-4-enine","N,N-Dimethylsphingosine","HMDB0013645","5282309","C13914","CCCCCCCCCCCCC\C=C\[C@@H](O)[C@H](CO)N(C)C","1"
"N1-(4-cyclohexylphenyl)-2-[(4-methylphenyl)thio]acetamide","NA","NA","NA","NA","NA","0"
"FRH","NA","NA","NA","NA","NA","0"
"Tetrahydrocortisone","Tetrahydrocortisone","HMDB0000903","12444617","C05470","[H][C@@]12CC[C@](O)(C(=O)CO)[C@@]1(C)CC(=O)[C@@]1([H])[C@@]2([H])CC[C@@]2([H])C[C@@H](O)CC[C@]12C","1"
"L-Tetrahydrocortisone","NA","NA","NA","NA","NA","0"
"5-methoxy-8,8-dimethyl-2-phenyl-4H,8H-pyrano[2,3-h]chromen-4-one","NA","NA","NA","NA","NA","0"
"(2S)-4-Oxo-2-phenyl-3,4-dihydro-2H-chromen-7-yl beta-D-glucopyranoside","NA","NA","NA","NA","NA","0"
"XLR11 N-(2-fluoropentyl) isomer","NA","NA","NA","NA","NA","0"
"Guggulsterone","Guggulsterone","HMDB0002726","643658",NA,"[H][C@@]12CC(=O)\C(=C(/C)OC)[C@@]1(C)CC[C@]1([H])[C@]2([H])CCC2=CC(=O)CC[C@]12C","1"
"Cortisone","Cortisone","HMDB0002802","222786","C00762","[H][C@@]12CC[C@](O)(C(=O)CO)[C@@]1(C)CC(=O)[C@@]1([H])[C@@]2([H])CCC2=CC(=O)CC[C@]12C","1"
"YLH","NA","NA","NA","NA","NA","0"
"WNK","NA","NA","NA","NA","NA","0"
"Progesterone","Progesterone","HMDB0001830","5994","C00410","[H][C@@]12CC[C@H](C(C)=O)[C@@]1(C)CC[C@@]1([H])[C@@]2([H])CCC2=CC(=O)CC[C@]12C","1"
"11-Hydroxy-(9)-THC","NA","NA","NA","NA","NA","0"
"Deoxycorticosterone","Deoxycorticosterone","HMDB0000016","6166","C03205","[H][C@@]12CC[C@H](C(=O)CO)[C@@]1(C)CC[C@@]1([H])[C@@]2([H])CCC2=CC(=O)CC[C@]12C","1"
"Corticosterone","Corticosterone","HMDB0001547","5753","C02140","[H][C@@]1(CC[C@@]2([H])[C@]3([H])CCC4=CC(=O)CC[C@]4(C)[C@@]3([H])[C@@]([H])(O)C[C@]12C)C(=O)CO","1"
"21-DEOXYCORTISOL UNLABELED","NA","NA","NA","NA","NA","0"
"Cortisol","Cortisol","HMDB0000063","5754","C00735","[H][C@@]12CC[C@](O)(C(=O)CO)[C@@]1(C)C[C@H](O)[C@@]1([H])[C@@]2([H])CCC2=CC(=O)CC[C@]12C","1"
"(9R,10R)-Dihydroxyoctadecanoic acid","NA","NA","NA","NA","NA","0"
"4-Pregnen-17alpha,20alpha-Diol-3-One","NA","NA","NA","NA","NA","0"
"Tetrahydrocorticosterone","Tetrahydrocorticosterone","HMDB0000268","9863245","C05476","[H][C@@]12CC[C@H](C(=O)CO)[C@@]1(C)C[C@H](O)[C@@]1([H])[C@@]2([H])CC[C@]2([H])C[C@H](O)CC[C@]12C","1"
"(+/-)-CP 47,497-C7-Hydroxy metabolite","NA","NA","NA","NA","NA","0"
"Tetrahydro-11-deoxycortisol","Tetrahydrodeoxycortisol","HMDB0005972","65555","C14594","[H][C@@]12CC[C@](O)(C(=O)CO)[C@@]1(C)CC[C@@]1([H])[C@@]2([H])CC[C@]2([H])C[C@H](O)CC[C@]12C","1"
"tetrahydrocortisol","Tetrahydrocortisol","HMDB0000949","387316","C05472","C[C@]12C[C@H](O)C3C(CCC4C[C@H](O)CC[C@]34C)C1CC[C@]2(O)C(=O)CO","1"
"Cortolone","Cortolone","HMDB0003128","160499","C05481","[H][C@@]12CC[C@](O)([C@@H](O)CO)[C@@]1(C)CC(=O)[C@@]1([H])[C@@]2([H])CC[C@]2([H])C[C@H](O)CC[C@]12C","1"
"Urocortisol","Tetrahydrocortisol","HMDB0000949","387316","C05472","C[C@]12C[C@H](O)C3C(CCC4C[C@H](O)CC[C@]34C)C1CC[C@]2(O)C(=O)CO","1"
"3, 5-Tetradecadiencarnitine","3, 5-Tetradecadiencarnitine","HMDB0013331","53481681",NA,"CCCCCCCC\C=C\C=C\CC(=O)O[C@@H](CC([O-])=O)C[N+](C)(C)C","1"
"1-linolein glyceride","NA","NA","NA","NA","NA","0"
"3-Methoxy prostaglandin F1","NA","NA","NA","NA","NA","0"
"cis-5-Tetradecenoylcarnitine","cis-5-Tetradecenoylcarnitine","HMDB0002014","22833575",NA,"CCCCCCCC\C=C/CCCC(=O)OC(CC([O-])=O)C[N+](C)(C)C","1"
"3-Hydroxy-cis-5-tetradecenoylcarnitine","3-Hydroxy-cis-5-tetradecenoylcarnitine","HMDB0013330","53481699",NA,"CCCCCCCC\C=C/CC(O)CC(=O)O[C@H](CC([O-])=O)C[N+](C)(C)C","1"
"Olein glyceride","NA","NA","NA","NA","NA","0"
"Tetradecanoylcarnitine","Tetradecanoylcarnitine","HMDB0005066","53477791",NA,"CCCCCCCCCCCCCC(=O)O[C@H](CC(O)=O)C[N+](C)(C)C","1"
"Oleoyl-L--lysophosphatidic acid","NA","NA","NA","NA","NA","0"
"Oleoyl-L-alpha-lysophosphatidic acid","NA","NA","NA","NA","NA","0"
"Heneicosanoic acid","Heneicosanoic acid","HMDB0002345","16898",NA,"CCCCCCCCCCCCCCCCCCCCC(O)=O","1"
"Glycerophospho-N-palmitoyl ethanolamine","NA","NA","NA","NA","NA","0"
"all-cis-4,7,10,13,16-Docosapentaenoic acid","NA","NA","NA","NA","NA","0"
"2-hydroxy-6-[(8Z,11Z)-pentadeca-8,11,14-trien-1-yl]benzoic acid","NA","NA","NA","NA","NA","0"
"20-Dihydro 6-methylprednisone","NA","NA","NA","NA","NA","0"
"Docosahexaenoic acid","Docosahexaenoic acid","HMDB0002183","445580","C06429","CC\C=C/C\C=C/C\C=C/C\C=C/C\C=C/C\C=C/CCC(O)=O","1"
"10(11)-EpDPA","NA","NA","NA","NA","NA","0"
"Protectin D1","Neuroprotectin D1","HMDB0003689","16042541",NA,"CC\C=C/C[C@H](O)\C=C/C=C/C=C/[C@H](O)C\C=C/C\C=C/CCC(O)=O","1"
"Docosapentaenoic acid","Docosapentaenoic acid (22n-6)","HMDB0001976","6441454",NA,"CCCCC\C=C/C\C=C/C\C=C/C\C=C/C\C=C/CCC(O)=O","1"
"19,20-DiHDPA","19,20-DiHDPA","HMDB0010214","16061148",NA,"CCC(O)C(O)C\C=C/C\C=C/C\C=C/C\C=C/C\C=C/CCC(O)=O","1"
"(+/-)19(20)-DiHDPA","NA","NA","NA","NA","NA","0"
"Pleuromutilin","NA","NA","NA","NA","NA","0"
"N-Arachidonoyl glycine","N-Arachidonoylglycine","HMDB0005096","5283389",NA,"CCCCC\C=C/C\C=C/C\C=C/C\C=C/CCCC(=O)NCC(O)=O","1"
"Adrenic acid","Adrenic acid","HMDB0002226","5497181","C16527","CCCCC\C=C/C\C=C/C\C=C/C\C=C/CCCCCC(O)=O","1"
"Anacardic acid","Anacardic acid","HMDB0033896","11824131",NA,"CCC\C=C/C\C=C/CCCCCCCC1=C(C(O)=O)C(O)=CC=C1","1"
"16,16-Dimethyl prostaglandin A1","NA","NA","NA","NA","NA","0"
"(13E,16E,19E)-Docosatri-13,16,19-enoic acid","NA","NA","NA","NA","NA","0"
"Docosatrienoic Acid","Docosatrienoic acid","HMDB0002823","5312557",NA,"CC\C=C/C\C=C/C\C=C/CCCCCCCCCCCC(O)=O","1"
"Erucic acid","Erucic acid","HMDB0002068","5281116","C08316","CCCCCCCC\C=C/CCCCCCCCCCCC(O)=O","1"
"Behenic acid","Behenic acid","HMDB0000944","8215","C08281","CCCCCCCCCCCCCCCCCCCCCC(O)=O","1"
"Docosanoic Acid","Behenic acid","HMDB0000944","8215","C08281","CCCCCCCCCCCCCCCCCCCCCC(O)=O","1"
"N-(4-butyl-2-methylphenyl)-N-[4-(4-methylpiperazino)phenyl]urea","NA","NA","NA","NA","NA","0"
"N-Arachidonoyl-L-serine","NA","NA","NA","NA","NA","0"
"2-Arachidonoylglycerol","NA","NA","NA","NA","NA","0"
"2-(14,15-Epoxyeicosatrienoyl) glycerol","2-(14,15-Epoxyeicosatrienoyl) Glycerol","HMDB0013651","53481916",NA,"CCCCCC1OC1C\C=C/C\C=C/C\C=C/CCCC(=O)OC(CO)CO","1"
"23-Norcholic acid","NA","NA","NA","NA","NA","0"
"2-Arachidonyl Glycerol ether","2-Arachidonyl Glycerol ether","HMDB0013657","6483057",NA,"CCCCC\C=C/C\C=C/C\C=C/C\C=C/CCCCOC(CO)CO","1"
"3-Hydroxyhexadecadienoylcarnitine","3-Hydroxyhexadecadienoylcarnitine","HMDB0013335","53481689",NA,"CCC\C=C/C\C=C/CCCCC[C@@H](O)CC(=O)O[C@H](CC([O-])=O)C[N+](C)(C)C","1"
"9,12-Hexadecadienoylcarnitine","9,12-Hexadecadienoylcarnitine","HMDB0013334","53481687",NA,"CCC\C=C/C\C=C/CCCCCCCC(=O)O[C@H](CC(O)=O)C[N+](C)(C)C","1"
"9-Hexadecenoylcarnitine","9-Hexadecenoylcarnitine","HMDB0013207","53481653",NA,"CCCCCC\C=C/CCCCCCCC(=O)O[C@H](CC([O-])=O)C[N+](C)(C)C","1"
"Palmitoylcarnitine","Palmitoylcarnitine","HMDB0000222","11953816","C02990","CCCCCCCCCCCCCCCC(=O)O[C@H](CC(O)=O)C[N+](C)(C)C","1"
"3-Hydroxyhexadecanoylcarnitine","3-Hydroxyhexadecanoylcarnitine","HMDB0013336","126456228",NA,"CCCCCCCCCCCCCC(O)CC(=O)O[C@H](CC([O-])=O)C[N+](C)(C)C","1"
"1-O-Hexadecyl-lyso-sn-glycero-3-phosphocholine","NA","NA","NA","NA","NA","0"
"4,7-diphenyl[1,10]phenanthroline","NA","NA","NA","NA","NA","0"
"15beta-hydroxycyproterone acetate","15beta-hydroxycyproterone acetate","HMDB0060708","196706",NA,"CC(=O)O[C@@]1(CC(O)[C@H]2[C@@H]3C=C(Cl)C4=CC(=O)C5CC5[C@]4(C)[C@H]3CC[C@]12C)C(C)=O","1"
"3alpha,7alpha,12alpha-Trihydroxy-5beta-cholestan-26-al","3a,7a,12a-Trihydroxy-5b-cholestan-26-al","HMDB0003533","439479","C01301","[H][C@@]1(CC[C@@]2([H])[C@]3([H])[C@H](O)C[C@]4([H])C[C@H](O)CC[C@]4(C)[C@@]3([H])C[C@H](O)[C@]12C)[C@H](C)CCCC(C)C=O","1"
"Ethynodiol Diacetate","Ethynodiol Diacetate","HMDB0014961","9270","C12724","[H][C@@]12CC[C@@](OC(C)=O)(C#C)[C@@]1(C)CC[C@]1([H])[C@@]3([H])CC[C@H](OC(C)=O)C=C3CC[C@@]21[H]","1"
"Dehydrocholic acid","Dehydrocholic acid",NA,"6674","C13154","C(CCC(=O)O)1CC23C(=O)C4CC(=O)CC4(C)3CC(=O)21C","1"
"7-Ketolithocholic acid","Nutriacholic acid","HMDB0000467","53477693",NA,"[H][C@@]12CCC([C@@H](C)CCC(O)=O)[C@@]1(C)CC[C@@]1([H])[C@@]2([H])C(=O)C[C@]2([H])C[C@H](O)CC[C@]12C","1"
"3alpha,7alpha-Dihydroxy-12-oxo-5beta-cholanate","3,7-Dihydroxy-12-oxocholanoic acid","HMDB0000400","94235","C01292","[H][C@@]12CC[C@H]([C@H](C)CCC(O)=O)[C@@]1(C)C(=O)C[C@@]1([H])[C@@]2([H])[C@H](O)C[C@]2([H])C[C@H](O)CC[C@]12C","1"
"3-dehydrocholic acid","3-Oxocholic acid","HMDB0000502","5283956",NA,"[H][C@@]1(CC[C@@]2([H])[C@]3([H])[C@H](O)C[C@]4([H])CC(=O)CC[C@]4(C)[C@@]3([H])C[C@H](O)[C@]12C)[C@H](C)CCC(O)=O","1"
"Lithocholic Acid","Lithocholic acid","HMDB0000761","9903","C03990","[H][C@@]1(CC[C@@]2([H])[C@]3([H])CC[C@]4([H])C[C@H](O)CC[C@]4(C)[C@@]3([H])CC[C@]12C)[C@H](C)CCC(O)=O","1"
"Thyrotropin-releasing hormone","Thyrotropin releasing hormone","HMDB0060080","638678","C03958","[H][C@@](CC1=CN=CN1)(NC(=O)[C@]1([H])CCC(=O)N1)C(=O)N1CCC[C@@]1([H])C(N)=O","1"
"Deoxycholic Acid","Deoxycholic acid","HMDB0000626","222528","C04483","[H][C@@]1(CC[C@@]2([H])[C@]3([H])CC[C@]4([H])C[C@H](O)CC[C@]4(C)[C@@]3([H])C[C@H](O)[C@]12C)[C@H](C)CCC(O)=O","1"
"Chenodeoxycholic acid","Chenodeoxycholic acid","HMDB0000518","10133","C02528","[H][C@@]1(CC[C@@]2([H])[C@]3([H])[C@H](O)C[C@]4([H])C[C@H](O)CC[C@]4(C)[C@@]3([H])CC[C@]12C)[C@H](C)CCC(O)=O","1"
"Hyodeoxycholic acid","Hyodeoxycholic acid","HMDB0000733","9963687","C15517","[H][C@@]12CC[C@H]([C@H](C)CCC(O)=O)[C@@]1(C)CC[C@@]1([H])[C@@]2([H])C[C@H](O)C2C[C@H](O)CC[C@]12C","1"
"Cholic acid","Cholic acid","HMDB0000619","221493","C00695","C[C@H](CCC(O)=O)[C@H]1CC[C@H]2[C@@H]3[C@H](O)C[C@@H]4C[C@H](O)CC[C@]4(C)[C@H]3C[C@H](O)[C@]12C","1"
"3-Hydroxy-9-hexadecenoylcarnitine","3-Hydroxy-9-hexadecenoylcarnitine","HMDB0013333","53481699",NA,"CCCCCC\C=C/CCCCCC(O)CC(=O)O[C@@H](CC([O-])=O)C[N+](C)(C)C","1"
"Nervonic acid","Nervonic acid","HMDB0002368","5281120","C08323","CCCCCCCC\C=C/CCCCCCCCCCCCCC(O)=O","1"
"shenjingxianan","NA","NA","NA","NA","NA","0"
"1-Palmitoyl-Sn-Glycero-3-Phosphocholine","NA","NA","NA","NA","NA","0"
"Estradiol benzoate","NA","NA","NA","NA","NA","0"
"Vindoline","Vindoline","HMDB0259814","425978","C01626","CCC12C=CCN3CCC4(C13)C(N(C)C1=CC(OC)=CC=C41)C(O)(C2OC(C)=O)C(=O)OC","1"
"AL 8810 Methyl ester","NA","NA","NA","NA","NA","0"
"Ingenol-3-angelate","NA","NA","NA","NA","NA","0"
"Norbuprenorphine","Norbuprenorphine","HMDB0060546","114976",NA,"CO[C@]12CC[C@@]3(C[C@@H]1[C@](C)(O)C(C)(C)C)[C@H]1CC4=C5C(O[C@@H]2[C@@]35CCN1)=C(O)C=C4","1"
"Epitestosterone glucuronide","Testosterone glucuronide","HMDB0003193","108192","C11134","[H][C@@]12CC[C@H](O[C@@H]3O[C@@H]([C@@H](O)[C@H](O)[C@H]3O)C(O)=O)[C@@]1(C)CC[C@@]1([H])[C@@]2([H])CCC2=CC(=O)CC[C@]12C","1"
"5-Dihydrotestosterone glucuronide","NA","NA","NA","NA","NA","0"
"Linoleyl carnitine","Linoleyl carnitine","HMDB0006469","6450015",NA,"CCCCC\C=C/C\C=C/CCCCCCCC(=O)O[C@H](CC(O)=O)C[N+](C)(C)C","1"
"11Z-Octadecenylcarnitine","NA","NA","NA","NA","NA","0"
"3-Hydroxy-11Z-octadecenoylcarnitine","3-Hydroxy-11Z-octadecenoylcarnitine","HMDB0013339","53481697",NA,"CCCCCC\C=C/CCCCCCC[C@@H](O)CC(=O)O[C@H](CC([O-])=O)C[N+](C)(C)C","1"
"Stearoylcarnitine","Stearoylcarnitine","HMDB0000848","52922056",NA,"CCCCCCCCCCCCCCCCCC(=O)O[C@H](CC(O)=O)C[N+](C)(C)C","1"
"Cyclohexyl fentanyl-d5","NA","NA","NA","NA","NA","0"
"NAT13-331713_POS","NA","NA","NA","NA","NA","0"
"Fumagillin","fumagillin",NA,"6917655","C09668","CO1(2(C)O2CC=C(C)C)2(CC1OC(=O)/C=C/C=C/C=C/C=C/C(=O)O)CO2","1"
"5-[(10Z)-14-(3,5-dihydroxyphenyl)tetradec-10-en-1-yl]benzene-1,3-diol","NA","NA","NA","NA","NA","0"
"3-O--D-Glucopyranosylandrographolide","NA","NA","NA","NA","NA","0"
"Chenodeoxycholic acid glycine conjugate","Chenodeoxycholic acid glycine conjugate","HMDB0000637","12544","C05466","[H][C@@]1(CC[C@@]2([H])[C@]3([H])[C@H](O)C[C@]4([H])C[C@H](O)CC[C@]4(C)[C@@]3([H])CC[C@]12C)[C@H](C)CCC(=O)NCC(O)=O","1"
"Glycohyocholic acid Sodium salt","NA","NA","NA","NA","NA","0"
"16-(Hexopyranosyloxy)-7-hydroxy-8,9-epoxypimaran-18-oic acid","NA","NA","NA","NA","NA","0"
"Bis(3,5,5-trimethylhexyl) phthalate","NA","NA","NA","NA","NA","0"
"Glycodeoxycholic acid","Deoxycholic acid glycine conjugate","HMDB0000631","22833539","C05464 ","[H][C@]12CCC3C4CC[C@H]([C@H](C)CCC(=O)NCC(O)=O)[C@@]4(C)[C@@H](O)CC3[C@@]1(C)CC[C@@H](O)C2","1"
"Glycocholic acid","Glycocholic acid","HMDB0000138","10140","C01921","C[C@H](CCC(O)=NCC(O)=O)[C@H]1CC[C@H]2[C@@H]3[C@H](O)C[C@@H]4C[C@H](O)CC[C@]4(C)[C@H]3C[C@H](O)[C@]12C","1"
"Glycinocholic acid","NA","NA","NA","NA","NA","0"
"Tributyrin","Glycerol tributanoate","HMDB0031094","6050","C13870","CCCC(=O)OCC(COC(=O)CCC)OC(=O)CCC","1"
"Taurochenodeoxycholic Acid (sodium salt)","NA","NA","NA","NA","NA","0"
"Taurochenodesoxycholic acid","Taurochenodesoxycholic acid","HMDB0000951","387316","C05465","[H][C@@]1(CC[C@@]2([H])[C@]3([H])[C@H](O)C[C@]4([H])C[C@H](O)CC[C@]4(C)[C@@]3([H])CC[C@]12C)[C@H](C)CCC(=O)NCCS(O)(=O)=O","1"
"Taurodeoxycholic Acid","Taurodeoxycholic acid","HMDB0000896","2733768","C05463","[H][C@@]1(CC[C@@]2([H])[C@]3([H])CC[C@]4([H])C[C@H](O)CC[C@]4(C)[C@@]3([H])C[C@H](O)[C@]12C)[C@H](C)CCC(=O)NCCS(O)(=O)=O","1"
"Taurocholic acid","Taurocholic acid","HMDB0000036","6675","C05122","[H][C@@]1(CC[C@@]2([H])[C@]3([H])[C@H](O)C[C@]4([H])C[C@H](O)CC[C@]4(C)[C@@]3([H])C[C@H](O)[C@]12C)[C@H](C)CCC(=O)NCCS(O)(=O)=O","1"
"C-8 Ceramide-1-phosphate","NA","NA","NA","NA","NA","0"
"Diosgenin","Diosgenin",NA,"99474","C08898","C12(C34CC=C5C(O)CC5(C)4CC32C)O12CC(C)CO2","1"
"7-dehydrocholesterol","7-Dehydrocholesterol","HMDB0000032","439423","C01164","[H][C@@]1(CC[C@@]2([H])C3=CC=C4C[C@@H](O)CC[C@]4(C)[C@@]3([H])CC[C@]12C)[C@H](C)CCCC(C)C","1"
"Cholecalciferol","Vitamin D3","HMDB0000876","5280795","C05443","[H][C@@]1(CC[C@@]2([H])\C(CCC[C@]12C)=C\C=C1\C[C@@H](O)CCC1=C)[C@H](C)CCCC(C)C","1"
"7-Ketocholesterol","7-Ketocholesterol","HMDB0000501","53477696",NA,"[H][C@@]12CCC([C@H](C)CCCC(C)C)[C@@]1(C)CC[C@@]1([H])[C@@]2([H])C(=O)C=C2CC(O)CC[C@]12C","1"
"Calcidiol","Calcidiol","HMDB0003550","5283731","C01561","C[C@H](CCCC(C)(C)O)[C@@]1([H])CC[C@@]2([H])\C(CCC[C@]12C)=C\C=C1\C[C@@H](O)CCC1=C","1"
"Calcitriol","Calcitriol","HMDB0001903","5280453","C01673","C[C@H](CCCC(C)(C)O)[C@@]1([H])CC[C@@]2([H])\C(CCC[C@]12C)=C\C=C1\C[C@@H](O)C[C@H](O)C1=C","1"
"Tomatidine","Tomatidine","HMDB0034731","312827","C10826","CC1C2C(CC3C4CCC5CC(O)CCC5(C)C4CCC23C)OC11CCC(C)CN1","1"
"D--Tocopherol","NA","NA","NA","NA","NA","0"
"Cholesterol sulfate","Cholesterol sulfate","HMDB0000653","65076","C18043","[H][C@@]12CC[C@H]([C@H](C)CCCC(C)C)[C@@]1(C)CC[C@@]1([H])[C@@]2([H])CC=C2C[C@H](CC[C@]12C)OS(O)(=O)=O","1"
"3alpha,7alpha,12alpha-Trihydroxy-5beta-cholestanoate","Coprocholic acid","HMDB0000601","122312","C04722","[H][C@@]1(CC[C@@]2([H])[C@]3([H])[C@H](O)C[C@]4([H])C[C@H](O)CC[C@]4(C)[C@@]3([H])C[C@H](O)[C@]12C)[C@H](C)CCCC(C)C(O)=O","1"
"Adapalene","Adapalene","HMDB0014355","60164",NA,"COC1=C(C=C(C=C1)C1=CC2=C(C=C1)C=C(C=C2)C(O)=O)C12CC3CC(CC(C3)C1)C2","1"
"dihydrotachysterol","Dihydrotachysterol","HMDB0015203","5311071","C06957","CC(C)[C@@H](C)\C=C\[C@@H](C)[C@@]1([H])CC[C@@]2([H])\C(CCC[C@]12C)=C\C=C1/C[C@@H](O)CC[C@@H]1C","1"
"(2,3,9,17,22R)-2,3,14,20,22-Pentahydroxyergost-7-en-6-one","NA","NA","NA","NA","NA","0"
"Ouabain","Ouabain","HMDB0015224","439501","C01443","[H][C@@]12CC[C@]3(O)C[C@H](C[C@@H](O)[C@]3(CO)[C@@]1([H])[C@H](O)C[C@]1(C)[C@H](CC[C@]21O)C1=CC(=O)OC1)O[C@@H]1O[C@@H](C)[C@H](O)[C@@H](O)[C@H]1O","1"
"Celastrol","Celastrol","HMDB0002385","122724",NA,"[H][C@@]12C[C@@](C)(CC[C@]1(C)CC[C@]1(C)C3=CC=C4C(C)=C(O)C(=O)C=C4[C@]3(C)CC[C@@]21C)C(O)=O","1"
"Ciliatocholate","Ciliatocholate",NA,"7990","C05683",NA,"1"
"Candoxatril","Candoxatril","HMDB0014754",NA,NA,"COCCOC[C@H](CC1(CCCC1)C(=O)N[C@H]1CC[C@H](CC1)C(O)=O)C(=O)OC1=CC2=C(CCC2)C=C1","1"
"(3beta,9xi)-3-(beta-D-Glucopyranosyloxy)-14-hydroxycard-20(22)-enolide","NA","NA","NA","NA","NA","0"
"18--Glycyrrhetinic acid","NA","NA","NA","NA","NA","0"
"(3,5,9)-3,23-Dihydroxy-1-oxoolean-12-en-28-oic acid","NA","NA","NA","NA","NA","0"
"(1,2,3,5,9,18)-1,2,3,19-Tetrahydroxyurs-12-en-28-oic acid","NA","NA","NA","NA","NA","0"
"Testosterone undecanoate","Testosterone undecanoate","HMDB0258862","21873174",NA,"CCCCCCCCCCC(=O)OC1CCC2C3CCC4=CC(=O)CCC4(C)C3CCC12C","1"
"Maslinic acid","Maslinic acid","HMDB0002392","73659","C16939","[H][C@@]12CC(C)(C)CC[C@@]1(CC[C@]1(C)C2=CC[C@]2([H])[C@@]3(C)C[C@@H](O)[C@H](O)C(C)(C)[C@]3([H])CC[C@@]12C)C(O)=O","1"
"(3,5,9)-3,6,19-Trihydroxyurs-12-en-28-oic acid","NA","NA","NA","NA","NA","0"
"3-keto Fusidic acid","3-keto Fusidic acid","HMDB0060745","131769939",NA,"C[C@@H]1[C@H](O)CC[C@@]2(C)[C@H]1CC[C@@]1(C)[C@H]2[C@H](O)C[C@H]2\C([C@H](C[C@]12C)OC(C)=O)=C(\C(O)=O)C(=O)CC=C(C)C","1"
"3-Acetyl-11-keto--boswellic acid","NA","NA","NA","NA","NA","0"
"3-Acetoxyurs-12-en-23-oic acid","NA","NA","NA","NA","NA","0"
"Stercobilin","NA","NA","NA","NA","NA","0"
"Pachymic acid","NA","NA","NA","NA","NA","0"
"Fasciculic acid B","Fasciculic acid B","HMDB0036438","14506482",NA,"CC(CCC(O)C(C)(C)O)C1CCC2(C)C3=C(CC(O)C12C)C1(C)CC(OC(=O)CC(C)(O)CC(O)=O)C(O)C(C)(C)C1CC3","1"
"Palmitoyl sphingomyelin","NA","NA","NA","NA","NA","0"
"DL-Dipalmitoylphosphatidylcholine","NA","NA","NA","NA","NA","0"
"13,14-Dihydro-15-keto-PGE2","13,14-Dihydro-15-keto-PGE2","HMDB0002776","5280711","C04671","CCCCCC(=O)CC[C@H]1[C@H](O)CC(=O)[C@@H]1C\C=C/CCCC(O)=O","1"
"1-Hexadecanoyl-2-(9Z-octadecenoyl)-sn-glycero-3-phospho-1-myo-inositol","NA","NA","NA","NA","NA","0"
